user_id,business_id,stars
hG7b0MtEbXx5QzbzE6C_VA,ujmEBvifdJM6h6RLv4wQIg,1.0
yXQM5uF2jS6es16SJzNHfg,NZnhc2sEQy3RmzKTZnqtwQ,5.0
n6-Gk65cPZL6Uz8qRm3NYw,WTqjgwHlXbSFevF32_DJVw,5.0
dacAIZ6fTM6mqwW5uxkskg,ikCg8xy5JIg_NGPx-MSIDA,5.0
ssoyf2_x0EQMed6fgHeMyQ,b1b1eb3uo-w561D0ZfCEiQ,1.0
w31MKYsNFMrjhWxxAb5wIw,eU_713ec6fTGNO4BegRaww,4.0
jlu4CztcSxrKx56ba1a5AQ,3fw2X5bZYeW9xCz_zGhOHg,3.0
d6xvYpyzcfbF_AZ8vMB7QA,zvO-PJCpNk4fgAVUnExYAA,1.0
sG_h0dIzTKWa3Q6fmb4u-g,b2jN2mm9Wf3RcrZCgfo1cg,2.0
nMeCE5-xsdleyxYuNZ_7rA,oxwGyA17NL6c5t1Etg5WgQ,3.0
FIk4lQQu1eTe2EpzQ4xhBA,8mIrX_LrOnAqWsB5JrOojQ,4.0
-mA3-1mN4JIEkqOtdbNXCQ,mRUVMJkUGxrByzMQ2MuOpA,1.0
GYNnVehQeXjty0xH7-6Fhw,FxLfqxdYPA6Z85PFKaqLrg,4.0
bAhqAPoWaZYcyYi7bs024Q,LUN6swQYa4xJKaM_UEUOEw,4.0
TpyOT5E16YASd7EWjLQlrw,AakkkTuGZA2KBodKi2_u8A,1.0
NJlxGtouq06hhC7sS2ECYw,YvrylyuWgbP90RgMqZQVnQ,5.0
86J5DwcFk4f4In1Vxe2TvA,NyLYY8q1-H3hfsTwuwLPCg,4.0
JSrP-dUmLlwZiI7Dp3PQ2A,cHdJXLlKNWixBXpDwEGb_A,3.0
6Fz_nus_OG4gar721OKgZA,6lj2BJ4tJeu7db5asGHQ4w,5.0
_N7Ndn29bpll_961oPeEfw,y-Iw6dZflNix4BdwIyTNGA,3.0
DzZ7piLBF-WsJxqosfJgtA,qx6WhZ42eDKmBchZDax4dQ,5.0
5JVY32_bmTBfIGpCCsnAfw,Mem13A3C202RzT53npn4NA,5.0
3CJUJILq7CLHk_9OrvpvQg,I4Nr-MVc26qWr08-S3Q1ow,4.0
2mxBNBeFrgDszqGS5tdEHA,d_L-rfS1vT3JMzgCUGtiow,5.0
8NwU4TRsD3S6gIfBqFzDMQ,Sfc8Haz2Yri8Mo1L0E0TsA,5.0
vXZeHaLvdfCPATz5BDavow,FQ1wBQb3aNeRMThSQEV0Qg,5.0
vDr8hBNYigiY70fk1kF5iQ,hd5xm20tfSa70-6UqD9-bg,1.0
TTRVdTXKcq-xn6-1IWbwEw,Gyrez6K8f1AyR7dzW9fvAw,5.0
q3GeSW9dWN9r_ocqFkhrvg,9nTF596jDvBBia2EXXiOOg,1.0
yxyRt-zoh_A6PMThX-h9Vw,SNL64axQhCO6Z7ohcWg3wA,1.0
C_hUvw2z0R-Rv0yZb6QCZA,dm6sO_Y8JdKTE1ZM955yug,5.0
1fi6x4tnJtlVWaJmoIO9XA,XTzKRvWciP_BZ9imk8mmPQ,1.0
tFICmdLtwgFIRcwtlbYQOg,CDpoJiqgM04wqQTZ6QkTqQ,1.0
uFVAAe0JC81IPmxgT49Hcw,3JxKzWquEbPC3yPIfoCiLw,5.0
DbccYu3OppWKl21OanZnTg,YSUcHqlKMPHHJ_cTrqtNrA,1.0
en0xQXlvRk-ZtKlaW4I8eQ,N0apJkxIem2E8irTBRKnHw,2.0
_o740mSNRhMNYuPjSJoPLg,sMzNLdhJZGzYirIWt-fMAg,5.0
fxrQSMhHlBv6eJVRdchG9Q,IMLrj2klosTFvPRLv56cng,4.0
wNyiw6GfVfn5Kphqmux1gw,5OZlLXjU0FXUbrw8Scja6g,1.0
tAcB1ZohRtjozsymvqqHzQ,m7ommfJFalI47UksyX04Iw,1.0
5rWm6uBPeewOiml4pcqp3w,m7ommfJFalI47UksyX04Iw,4.0
ITSnuLOu81doC5GGT5NMSQ,RbrZJEf8TlnP7RHaKnCtIQ,3.0
zFYFuufYWQSPj0r5lrKQKg,wJj1EwYcXHdvA9zKqmb5hQ,5.0
Z_HE_KKT7N-WddPTzUQC7A,jScBTQtdAt-8RshaiBEHgw,5.0
SvMGr_Oih7ivtzmnCL-Tmg,ujHiaprwCQ5ewziu0Vi9rw,1.0
D-vYE3HILl7Qk1UhYqZXYQ,6sATfFam9_q9uod0I2aCsg,5.0
jAVtSgE5L-Dt6_I5FIiVGA,EIL41z-hvVCeYHqfA9PyWQ,5.0
54kpqrxF9DEPpwa51hO_Bw,jzveTy7ogH7cg9axZ78ENg,4.0
8vIK6ndl8yzIdmSDnGp0tw,OVTZNSkSfbl3gVB9XQIJfw,4.0
vVhE4lGdsGK5rQgBfOGFxA,9MbGG8PxrlpBWVm3QyWy_g,1.0
jsOz-dWToun2VsFcFAfGww,FBSWwaE6gR7KAOyG1QhakQ,5.0
0nTJWagRU8_-KS1x7Zw5Yw,X5uxdU9GHoUAqo2wmbg3OQ,5.0
PttoI2Meg76KVB8JxjC5Xw,rBo_suDMdGmFQ0TtYg3b2Q,1.0
ROsjOYL8Jwv-q78mNm69Hg,eoyvbnRYQe-z85e8Rc6vAg,4.0
SAM29wXWmT0-aRMXt0RQzQ,5FIOXmUE3qMviX9GafGH-Q,5.0
JjDR060LJQcNNVWKuU64fA,hcFSc0OHgZJybnjQBrL_8Q,4.0
POr1NTWV45OaNCOLfb47fw,OVTZNSkSfbl3gVB9XQIJfw,3.0
0FMte0z-repSVWSJ_BaQTg,WsdmzI2giWHcRN2plprxIg,2.0
2H2mj0pJtzAqWL2zJ4m3Jw,MjeeiLhVq3-BBz-A997r0w,5.0
PFNZVn73upq3oZDG2KnAqA,dZVMp70AuSa4dQPvx3J4ow,3.0
0T2qMGDRJJSrhxpy4h3wNg,oSDyex506Y8H7YegcRb_9g,2.0
OnYEKooAtI2zTRqBLLIfvA,FBSWwaE6gR7KAOyG1QhakQ,5.0
DoRCeCcJbrsM2BiAKj3trA,SU56w479vUfFHsvmvQIf7A,4.0
DAssyKNnYBenf0s1uP5iRw,dInxwF8kXVdfLEGTIBRrSw,2.0
Fyn9aNWs0Qcz6T-uIJal4w,ZCsvwa_dsqNB8d8tYHPdjw,4.0
3owWXgw7_Czt5o35dVYOkg,PZMpjUQ9_JVCf4Htu6vZYg,1.0
wvBp1Ar-izuKnI9uBHWufQ,FYkm4c2CujTSPpqSM4TbuQ,5.0
ABUt9wCHRsSpa8i7rtNAuQ,aNe8ofTYrealxqv7VtFTuw,1.0
X-5IICsYwqImns4WxHi91Q,CZKkoMlqu0N0zCFK-3T_Fg,4.0
liUNZm0tOJJ-d-pFCdqu9A,ZNB91myFoOYgyXoG5LQeGQ,1.0
gt9w3MAaBemQsUCS_xapMw,KjicU7uxRt2KDEnO5cgxDQ,1.0
vDlrf84X8yu-CZ-8isrOSw,anzCdD5eIEHwydTpXhLlUA,4.0
II8eB5mYk200GW-m-wpsug,z9aXGRH8xtqpNDFE5_I3KA,4.0
JggB3gMgP1j5aKHmC4vpBw,74C1z6cqEdvJVgETTcEodw,4.0
Hxs41092f4HDP-q9_Q-RhA,smIh1HppyfXphiGMJPnZDg,5.0
XPZVfP7DQCSL3Nb9t2vxsA,1HD5iUUfVJDbfEBIn9yVhw,5.0
hzny0aF2jcUaY8rXN2bfJQ,CGUK3cd2gxp2q3KPY19Oog,5.0
hTZb1INhnCG8URaFywVoYQ,nDaW2hhQV5KYiGH7HzAOcg,3.0
eJEcCIzJ5bqc0QpRGHSVCw,6xgcHeLad-VaoTIQewK84A,4.0
1BcNXW9_Y16TIofPVpFqIA,vhIJ91MDgUuk4Cr9Kpj1Nw,1.0
SYRRQJoa5gQ8Duev4uSWag,8KmqWgL0UEdxJFwTZ_YZvQ,5.0
THirRdo5CwitTPyqV28NyQ,E9HN0nA8eRsIBZYkL0H3xA,4.0
fVK8D0rE9ez1fsQNW_bzRA,5qG4UHurI1yEozwn25WAFw,2.0
6kEFHccntnYMF_7cdqCcKg,yNPh5SO-7wr8HPpVCDPbXQ,5.0
WThN-4czFfMs1vYhvaf_9A,sk0stgY4NDJYOX1MbNJ3Pg,1.0
J6YedGZVdhagKKaIqgzIAw,HhVmDybpU7L50Kb5A0jXTg,4.0
8fpiTkK4MO5jJIXHFV4t5Q,5n2dA_QqO4c_7pSK0Of6AQ,1.0
3Ft0HhzBP-iknnHt-PFX8g,jg72eKbD8rlv0i1DRN5uxQ,1.0
To4ATBBNlnC5gzj0dwXfuA,EgwGTDZ705TwudPJwAY0yQ,5.0
lOV7GDN5azjfW81xKma4Xw,R_atwP6fr34SoXcOuGDp0A,5.0
MQq_1AlcDWsyNs7Ot8J4OQ,GdCRQU3VCh_x8fY84mbwYQ,5.0
0v0aVNJEixurV1Ib0iqzJg,PFmB_iraAbTN9XMka7soqQ,5.0
-bFRtLmkx7aXKf0oqFKpRg,1Kq_blM7ROYESz6i6FI_QQ,4.0
KS__VsKYJbz-40HdyzeQNA,Sxe7h922Dqv9HzfTH-8O7w,1.0
9QoXklTk-Fl1Q1Cy8fCbdQ,_iUlt5rm-15QoLw0MEEg5A,3.0
aXhMt_8ZDmfpr2QZ3zlmog,sT6KKMATRTiNSJ896D7l2w,4.0
N6zhXHPIrCXommDEg0Rw3g,Gyrez6K8f1AyR7dzW9fvAw,2.0
pHKISjytTmP0LrP952_32w,xS5HGqgk0KY2jFWU-l_nrA,4.0
dL1qnksdX2LW4DbNI9XNoA,XXW_OFaYQkkGOGniujZFHg,4.0
2Klw_6aXH_aVcOXPiFHRzg,HhVmDybpU7L50Kb5A0jXTg,5.0
oAOE4UAC5ZbAjEGBEMCb4g,PycR_Mr5jA9jB4Xg3nX0Yw,1.0
fX_E3GLT8iwc2M8Thy2wmA,0Yeb_P24sj6MwG2qmuehkA,4.0
ag5GlfKKtjcnNw2VgVxNRg,1A1b0ELki8v-C-0VtdoGAg,4.0
2ROluW4TNFbkO3qLtihhaQ,ZLuWpmvO41w2bSwufgfUlQ,5.0
dW6bAWM1HbPdk_cGS_a2HA,xHZmM-kGXqOfmQNTm0T05g,3.0
n5lEgdrkMlQd0_myn51j9g,01o6K5ID_vW8tXZ7QAzPJg,5.0
v7FPnMzdbl6J7U_8H1BWZA,zk3AimWhuz0EZsNgIddKdg,1.0
YZ7AZjkfvZIIMs-erSljiw,LprNAY4S7Vthc-hnqLI3Pw,5.0
U2sN2-HGvh27FyXKFlvkBg,qaPSbg690KaX5av6xsSV4Q,1.0
lb0QUR5bc4O-Am4hNq9ZGg,r5PLDU-4mSbde5XekTXSCA,4.0
-ifGqKj4_GZIPGcR5ox-xQ,RBGGLBIOsn8rxv5Nott4zw,5.0
9q0f4vm589zztMgR4INpZg,9nTF596jDvBBia2EXXiOOg,5.0
LmLFkgMGX5X9G1FOM06iOQ,AfEOC5LlBeMt708QEQUihw,1.0
GvAc-axxNt817YfptzASEg,OqF8enx9gNcgWgdODPYDLg,1.0
k9lY8q4dvX8BwCE2n4PpBA,Z1wApYkrMmMQinjDdbSLbg,1.0
HQlMQTF9wckTGfKG9Ljtvg,DmuU3QC1AM9LPb_J8L2FGA,5.0
3X1-GIl0tym4ZIwef4NNhA,F8lC8jHCykqPy0h2AJ9lnQ,4.0
fMQm1xCaEckajci8EHLgoQ,cPEo3-TmIqCwHLFGKZgwGg,5.0
6KdJciNw5ja42-5XSFb3Fw,HoSDjKKR8GtpeSqzrwf8ew,1.0
qOiMHf9eBZhsvDSqauIiug,1XOty79t4o_e3v0OOw8LTA,5.0
zN4M-hA86ps5I6BwXoqcqA,EdY6q0CO2mlATpoTFkvHAw,2.0
qpYllTutvfoKvT5OEl7gGQ,HkbNItNrnXlNo59M0YyoMg,5.0
Ouu5ycmS2EOtqPbk6JZvTw,4RA3hdiiC3vuiaSIraZ28g,4.0
XLLtQvZZjCFLjwatsMnetA,PVHuPORXFRlHOOP7ePTakg,1.0
9iMIjdMY99_igb1FmBXbwg,biSsdqExmdvIKiFuowOadg,3.0
OuRmjIT8yj8w04XsLX1tlg,9mIm1ef-NVDQHFE39Faxxg,5.0
x37OyP--VEFE5p-xreplYA,tjAeaGdxf7I4xN9M7wGJNQ,5.0
7-Wb8rDEymidPPfShLX3Yg,JN6287XepTV2wOiwnq5joA,3.0
91DAiIKXri-41uzYue2hlg,w6F502EKMyn3ONbGT2bQxw,5.0
TAxEXlveQ5JrRsZ3Uta8BA,-4TMQnQJW1yd6NqGRDvAeA,4.0
VrMaL32wWNed_DjOcsO3Ng,ulg83kbgFzXOawlIkfpLww,2.0
uNxljtnKZHvsdMZ8ZFRffw,-1xuC540Nycht_iWFeJ-dw,4.0
UF32lXb79D29HIk0BWdqWA,qfBp53c7Z2DpqUrGhV80zg,5.0
z4qE-IdYzvpzE8jP9oZYww,XvyXWS78g2soxHElyfgELw,5.0
JXfRZ2jlLfU1BSeG_rw6Jg,YF4QJ_j-PM7cMZja6K1MwQ,5.0
r31sCain9mZlv6E9eZUv0g,N06GSdupPPte-hP0YRFtdA,5.0
N4t_Q1421ua-zWlQ7zhA-w,2_ngZCEtgrzZzUF-pwTVcA,1.0
qkQ5iVnEdqSxjd3faoRTpw,Kz4WS00PcqOJgxfZawk4dQ,4.0
iFnEh9lsL2CIFnddSaEHAw,nsNONDHbV7Vudqh21uicqw,1.0
nNVznu_dQsn43SrakB4Ldw,r395lMbm1ihAQ2sMOcFKow,5.0
n5E4KzRRGosdxNcdyyZztg,9nHpqlu7be1466wdo_t5kQ,2.0
piYjHlLZQCtg9Q1QT0Lvbw,gOOfBSBZlffCkQ7dr7cpdw,5.0
U6tZwpRVjUfx-fwDbMAlPA,lVfZ2AaYRYHCFenUMQna8g,5.0
gGWKLhE9-F6g9kd66nOUxA,7gquCdaFoHZCcLYDttpHtw,5.0
zepXHHsm5d4vt4JT11koQA,Vs7gc9EE3k9wARuUcN9piA,5.0
1DhKvepHRNKs3aUw6NSOKg,luPvNx4XSxaM7pka8EifuA,3.0
yKYpt0bcSVD5W4FoPCY5iQ,mffVbMp5v7S6r9Xp5a1JJQ,5.0
th7tfMsh74S6sa_BWOt8YA,qsJkjQoM3Hdg6Gtqp2S9_w,4.0
XQDfhRd54J7OgimNNxdAcg,0xyqLvtr0Zbr4G-gML-QmQ,3.0
q37OXosU0FHD6aPEec1LQg,da_QOspls2XoU5AZ6QNcww,5.0
SlgpAnj2gQd44EM_Uq6DkQ,UowplTMikVmB91hiQ_GaaA,4.0
scitRtsLa4QP9S1LZUIVWQ,dLxT3-EwXkrI9AXoW6HCGg,1.0
vmz62dtSK5ZI42DscYzX8Q,Z6l0-bY6TklTdr_X88LFVQ,5.0
CfGtdsu0Npd1Zjx43rXIqQ,FStFa2esHFgsAjVzIGJcQA,2.0
-87w4IWK4a1YO8pL2Xfsew,zIjXNOEPub7T-NwQWPREMA,2.0
ri7itn7-CdpsaPxTToK5cQ,seYvTmOZGJ2IAMdfQa8pkg,3.0
yT_QCcnq-QGipWWuzIpvtw,i2qKNktpvKOWrREXvMoyKQ,4.0
dhUOHemaqOFWLC-mmLXAaw,LW21U6m6axC2lCLYc0fFSA,4.0
wzuxPP-d18Mu_IooKVZy-w,tqN30ZVHlmxbI-uQ4ORyjA,5.0
VibuEzhWblm9x9t0_YhPRQ,SZQINqa278e7DEM_B3WK8A,1.0
mZ1gXzL6Tn5Oky8_j0Kp7g,TVLAvAFx0FqAkKGKHVjHpQ,4.0
wWvsI_LT3c1CuyUrlX-SBg,81H_yEsSDHcy2rXZ7EwsZw,5.0
iJCtRAlSvxiUuKlVAnsq0A,q8MUVVuQpfR6v0HBHmAFxw,4.0
TcByPmEbsEQYJYT7IBKXdg,1-mycIcKFGbvqLE60XrwnQ,3.0
Gadas_vO8fqQkoTeGcBxIg,FQDoxOKH31URBSGLTYNCXg,2.0
jEG_kO7nqBA97n2beBSkhg,0xyqLvtr0Zbr4G-gML-QmQ,5.0
L4a1GIRlX2N46CPh5Zh-8Q,Z9Ss9LhBN2zVNQw9DpjVbQ,5.0
8pv8leqC1AVx1KgefjM8sw,MPLhOV-JbmntkbcXMyCODg,2.0
dAB-v4B-5_8QgTcoVSnZOw,2bUK2xslXInox0gjapJjlQ,4.0
hhSOzS5D2OG1wHKew2JEdw,54C4GTsIWa4zUM0d-v72Kw,1.0
xDtS2iKsJuVUVzB2YhfPsg,f9NumwFMBDn751xgFiRbNA,4.0
wUAQq8gZ9tpWpMDPNTB6TA,CtYWpX_cy1YdZgoKtS0Tqg,1.0
EYnRRWIOlxKcylR457hSMg,Z66xO_B7trDah8F0PKwRqg,4.0
XGHvw9aF-8a3rn-2Lji8nw,VVdbPZs0M6d_X5XdgyAhig,1.0
MB7Z80PJxNyQM7keDpR2XQ,br1uQbc3YU5jCpYi46nIgQ,4.0
8DOKugzD27-gGooC1vp4bQ,0JGMKaKJGVuDus5WcJzvjw,5.0
-RKsh-eKWJtDqnzTLCz-1Q,UJb1PrUWDFfuzwUPc1pP4Q,5.0
uLQJAaULt91a263PsRyEqQ,m-cg3stOStMAFEV9-8qnVw,3.0
rJNdeta-dYO2YcJ3u5JxnA,faPVqws-x-5k2CQKDNtHxw,5.0
YGA0_s3O93ORmM_E8BpQDA,LWxSTjV6zybxIZKkSK3SNQ,4.0
DtuFzGEwdYI5E3vTOMSOsw,Nc7cqq5k0WZsVhu25QrmNQ,5.0
jD9S1crLvnAxzYEG_r_NOA,221yaXPE1zmJqDvBVM__tw,4.0
rP5-FenbfFzqRg0Gy3E3uw,Jbl81Qdq_tEJhKQ946Mswg,5.0
zCnJQKvZgET4llBbJD1aiw,OJ6zfenoK-eBNI7vvNrOsg,3.0
6WYPtBdVh8Iwt96RBGpmSg,vGDhK2Lc4Np5iZYZ7FG0QA,5.0
24a7xwHNCR2t0ZDl80-DaA,SAfuIUZMXrOnb3LWyvYjDA,4.0
MGkkr8cZJDHThfsd8dhv1g,EtLM-iRYp3UGOEz4_b0I2Q,1.0
9SqPSd2HnDJIM3v4_j9LYA,SVGApDPNdpFlEjwRQThCxA,5.0
gEIrEf488lkHwCoVOYd3vA,8WBHKj2davW6hhZWlUQ7DA,5.0
9PCKsjhp_K89PbPohODEQg,MNqGE0t4hOHMl2ap1LjoKA,1.0
Mrudkq5duCOoiuhL61ZBcQ,FKQUxOfW_W5R4OTut4G1Vw,4.0
JoCFa-5YdQfc0zGGFrRNHQ,gc_GGat7TgNCmrgc4nVOgw,5.0
nLxx0ZC9ni7ifnjsXLonSQ,d8lmIZIqmBC9oPM8y1dc7Q,3.0
FRZjef-q1gti4igt1LU0RA,39YKi45PetO0UcQrG8Sncw,5.0
zH6racrZ7rUqqv_Qy6dZDQ,Yq7u6XXyDITG7I6yKAXU0g,3.0
eZeBuiVZWT7u3SktO7mv9w,WKOUTdVJS58E178JjhwidQ,4.0
SNpi9tKh2EUWdbxAELLMpA,9t8PEynZGVCG1EjOQr1xBA,5.0
Ux0QheGWOT5bchLngmdFuQ,eS76100l3h7Ollb5s3_M4A,4.0
_Rwjy0YmGB4W0KUrfSUlOQ,WRQ-9LluyivReFiQZFUujw,5.0
84TLoVQpU37Uih12qSH9OA,eSlmVbicgkhtD9niSuReJw,4.0
iV3QtUHRJWmrUDUo3QETgQ,5FIOXmUE3qMviX9GafGH-Q,5.0
RnkKHzIl3LVee_Q6zooQMQ,O-fYUqXjkwNvRfFnlUH6Iw,2.0
3HCP7V2hcRfCheqfbbABYA,7EZ4Eu7YJ1ltRCC5jXFJrQ,2.0
FBj6OZ5ks9wLmRJOAeGoXA,t61eGISz7qMOxEe7o3vwEw,5.0
eLzaX8tArcVTI9qOrZxHJw,Lm61pehc-oyqR6DBAAQNCg,4.0
GLsknAZX1t5lybLxuf9B3g,E6ADmD8pnHrfCqddyiaKXA,5.0
2622JJKxKC25zNky_JpCAA,pdy6EAcJvZks1hKogxOj6Q,3.0
b2uU6Ukkm_ubW3VqaXpcJA,ZPwx7ktiVluGFVg0L05n5A,1.0
gEqc7SFZEI_Z0eLRR0ouug,fGnILhhgE393e-8X9JIB4Q,4.0
A8JQMM-1RSbezLNzxCkW1w,uF86ZhygpBEGr3CudNemYA,3.0
FBxhaS2bPmxwT3I8r3CmkQ,Wxxvi3LZbHNIDwJ-ZimtnA,1.0
iuz4lXjzwaxuFWaLqUl6gA,thLX_k20SPJ0KyusGTBIHw,5.0
3zTJVMca5uNTjJYQf76d3Q,HoSDjKKR8GtpeSqzrwf8ew,2.0
8uxmrnawhEXKa8hSMySi4Q,9ogNVbTPvJd3TfLDGOrjRw,5.0
gPnezUoB9AcxE_qeBR_Dsw,5WOE18ldtQ1U0MK5fN2HGQ,5.0
S6boRo4sQ1onCOpxhWkobw,KGqvUQQA4c9GJpi5-znsew,1.0
SYJprnnvqajkxBRpEIM92g,TnNbQml38Y44OyUw2WMPLQ,5.0
raxHYncwWIIpnKXM1d12TQ,ybbcg01-j7tKJ_oLEY1uPQ,5.0
dtanlcid8_m1L49ZK1YPfw,7rpa12_EX3A-hyGtrv8o3A,4.0
FdPrn04vvhtJPum9nPCUeQ,c9SKd0bIR6nNzXOVCbOi_A,5.0
eotRnUFGGgQ-qU7nE10HvQ,e01WELWR6ODCder7onrIlA,5.0
XwpiEdAKhB2nN4uSVdh-VA,vzrcPqSdRY41GoO5DR5pYA,3.0
IZPYIYdr05FvjKva2986aw,a0v7Si0DK4cIko7AQY4YXg,5.0
CrEBVkzIQs7tS-wWfaCjNQ,MBanyASw0fX21eHOg1m5pA,2.0
WzbLvd-pyLwZQwAl__u22w,RkOguMKU13hPglELb6t2Vg,3.0
sBQnwE7tTiURm6RKamqWyA,ar27DwWW4V0eKTr_4rOFGQ,2.0
62GNFh5FySkA3MbrQmnqvg,N2PlDjUJVfOJzsPzY0Au1w,3.0
smDOqPzFNUNmE5qs1QzvhQ,5JGkz9Bkl4zHlH5ljK12Tw,5.0
08Tj4NyfKvI9D-VMcQrwpw,0qSKZhVC_BHPuKro4QGWJw,5.0
TTZyVCWsQXXkRIwiwSYKKQ,FbUzIBAj2ziuqL2grUgw6Q,1.0
wsP41YZKPPvM7HQcUufz2w,WcM95CvBQCokDVM1M9rBWA,5.0
xprn0OWGX-3jpCFdS-ZwGA,Yiw2jUJzUdFmglHZgj4RaQ,5.0
jPpUrxng11ls0XDj5tgNPw,ZMp18tQQTjloj0pKSdENBw,4.0
iL3YaRr3jgy8RjwWwZ6SJg,7N4_jIwfNZr48OGTjwqF-w,5.0
oH1t6BYx4Ko1oxReYX_lZQ,UJb1PrUWDFfuzwUPc1pP4Q,5.0
lxHVzV6O2ZU4gm8tA3wVZw,cLx7rt6JTTMU6aO4kBPLnA,5.0
qp-z1copnYQq7NPubYlNLw,uLnPW9K1yhNpgzvodCumbQ,4.0
W2WICriV5Zf03S4ETzEsiQ,ujHiaprwCQ5ewziu0Vi9rw,4.0
Gvv5hQR8BYj5f-APtKwImQ,tstimHoMcYbkSC4eBA1wEg,4.0
1RQaXb0xSLsUzwJ0u4uZ-w,gOOfBSBZlffCkQ7dr7cpdw,4.0
vRSetBkuRMrjZvpW76gXFA,Wxxvi3LZbHNIDwJ-ZimtnA,3.0
wnO99pBbGqwqOoTQM25iCw,_F3AMoo_zdl-he384ISQbw,3.0
tH0uKD-vNwMoEc3Xk3Cbdg,LwNZ1AR4_5iukgQYuhmTOg,5.0
KCVeboDIZosLBbapBVg4-w,thLX_k20SPJ0KyusGTBIHw,5.0
ZDwoMZ3sC6filWHud3_6ZA,i3rdifli2uVDfAn5-E4jmg,4.0
CjHWRUKXhhley9N9NLS07Q,8QZA5AnGjo8gGu0HzWCSmA,5.0
2k8OVAPxlXHsA5X6EIoQpQ,FhIeCF6QrsLaRvAeu0oEPQ,2.0
zAxCqpH6zknQSRceUMuUfQ,w2xwgqHM7dJlHfyu4ouhBg,5.0
rtRVb54VIXOUI_5mT1rhgQ,ONyDFp4eO9T_igeM2wdiMQ,4.0
M_5_j3azUf44b91AnSNs0w,3D-FJxp8bsBzm3zJVqs92g,4.0
h_2NGTYvjOc38cjx90rM5Q,b7e60tdyJxT_l-cstvMbfw,5.0
FDqFFZHUWcPvVu7XnQ8pug,f30-DOoIxvoV9btiDvKMTw,4.0
I9SE8CX69Hbf54WI8zw81w,_DiGwfdiH913E4LURwb2qg,4.0
T3FlztkAEGW8Vqve9mi78A,w4yq1IRk0DHQE995giqjGg,5.0
TdLCm4m3UE3mnPy4uhTRPw,pTJ8f4AfUW6uwKGdawLcfg,5.0
F3s0_LbSpJ6cWzSok9bwSg,77h11eWv6HKJAgojLx8G4w,4.0
-TMDrC66dvClx5Z7Hdzrfw,XhUec_6-kgPy1_ZYUrzvPQ,2.0
tQqCwxLgYOrBgBf4CFZV7A,8TBt9XAVZIZR2Y0EqBHskg,5.0
W0QVEiIElFQ9ulVrMp9_nA,7tdVsSDXRKtLLC-fD1hJ-A,4.0
8dyMo9kOcyOOFmqTzGEhhA,9KmvrnyjWTr4sly0Dt770g,1.0
khXwaOAkgSaM1T3O_TCpKA,qG_WEgPa8MBo1dPUOkTMlw,5.0
Cks_ZoRsy_Y1K7RG8ef7cw,5d7g3sxAkj0l_n-FPKR1Bg,3.0
lZyTK6kxavoFJWcWq7hcEA,SVGApDPNdpFlEjwRQThCxA,5.0
ZwVz20be-hOZnyAbevyMyQ,2c9Vptks_vowLgVUMnCgjw,4.0
ZyVORwX_Nkw_syxcU_lhyw,dm6sO_Y8JdKTE1ZM955yug,5.0
i8O9HI9mZZI1MRK2LrJmFA,A4zLP5AyKEEHQr_dWEZKig,4.0
8la7DygWKVkfpDatXztktg,LYWbyu1EQM2o5hwHG5_Ldg,1.0
VJvQiGrmtFXAmswRRIWYYw,fweCYi8FmbJXHCqLnwuk8w,5.0
v6MwW-qjrsDyvcGaLXGnoQ,R7eLlAdeIYsxux_Vm0l5sg,2.0
DoRCeCcJbrsM2BiAKj3trA,SVGApDPNdpFlEjwRQThCxA,4.0
bHODCrOh4nBTRDiFJ4bXdw,5NyAYogQEmUqz7ayXfN6NQ,1.0
h27iTTIaDicevvaopobUdA,X5uxdU9GHoUAqo2wmbg3OQ,4.0
P3hFkQQZOTCM5Q1cgOCEog,Wxxvi3LZbHNIDwJ-ZimtnA,1.0
CBYlr6bksWM1WA_pTumeeg,9Q1ZtzTPFWG4fJiFSko5Xg,5.0
9lBu5VMrZpZEmp6scDYoaA,TtMRSbakzmWvfDDo5Ni3Hg,5.0
TQY1CtRrKuNJS4dSDLbjdw,dusNIzdCaH6EoLl2hRy6cQ,1.0
zsGH_1XyUxuP5O34WL6eLg,XqJG7Ux_mMfMJnyG2Q4m2Q,5.0
-V-bzlNcuQc0otRfYKbZDg,6sATfFam9_q9uod0I2aCsg,1.0
GlE1lWuyNz-bE2N9B_M23w,gp9ZESRRNLqWfgJtEzPThA,3.0
fUEyODMlyGU8-LrJPzYa9g,LUN6swQYa4xJKaM_UEUOEw,5.0
s1nVP4bsB-pJhi4Ynp0YqQ,Rwj49QLS4FhZUyD_FzFGFg,1.0
rs3pq6wRmaSIADCInQXp9g,0aPaRrZp7iH0PiYnXoa1NQ,5.0
2W9pRClOMAAHnIhLyXlozA,YxSyOj1Iu0-vnvfYnuxIMg,1.0
QaN-nccbLZPWzownQYgTVQ,LzWROAt-RhgaBss4cOoDRQ,4.0
R38mW_Uyp46JHToxobXQXg,I6qFvR-jVDGqDD_iVG38ng,1.0
7Gl4ah_uRVmXPro_J2PFRg,nZAJ2a2-Oyxt6GzX97i2pg,4.0
-Dzue1b_x1uaa8HzkzbwAg,4QAgHOm7BE5yZupy0j-NJQ,1.0
rCH30k8QOoGSNdESwHVjCg,N2G7ySm6R-jYrHvDAV2Ndw,5.0
wR1TWVHX8NwLKpHMKu2PyQ,NgnMoKdFerNmXER50sTEZw,5.0
NqY4ku6Zqdalaozxk0NQ8w,w1clLiXOo-yLhNjt5jDBCA,3.0
1690S3k0Myq111MM4OjESg,uqYB53z5GrtzJq8WHTF-xg,1.0
KB_g3gK7D-WjzVLtpaSpQw,vnIdWzIB2W4j9cDcd6tHAQ,5.0
h6_O4_YjqIAy9GdcAl1xwg,uwpPniaFEVkK5T_PWdQZ0A,4.0
o5yDcEolR08ZhdhXjN1GTA,abaIvBrlg3QI4FUG1v3bdA,4.0
7aBkE9MjhQEc_RQieOVeBg,TrVKJkWWQeMTK_ly0PMGtg,5.0
8m9q7KT9Bgw6qMjHBMb4YA,_6mvQX9x66oz046eS5ii8w,5.0
b9Cfa7tkxrl8zuH7yEvEPg,S9-8BjiC0G_58fIeezypPQ,1.0
2xMIuIFfxOsx9TQ2yAvxKA,4X9tVVQHIewliXqaancfQA,1.0
rwnGmtQTXweXYwqqiEk0cg,qQCsLGMncJp1xWUGnOKCQA,5.0
2-V9dclHMYG0U8TEIWD5jw,SJq04RXddX02k6j3f8V22A,2.0
Y4t86AI-zP-7jbQnf6RQVw,WXt16QDqaMS5s_RXNuSDfA,5.0
MiALWsQL88BzrACF8v10_A,4e3pf8FEDVp_xA3_qwTENg,5.0
qZB8BZ2ZzMF0VfIGhttu7w,D5aSQhj3uyX4Fj1B31EYRQ,1.0
_0sr_IIJ6kMDAYwQBCtIgA,zLEvIXFzISHfYXSOmZQkjw,5.0
CowW1Ch1zcUf2dEHTjAqiQ,RI7jH14rISeIa2Idvuyh8A,5.0
9RPpf2fUMk8ZNWy6F-gj2w,THk-hBltknBsGCEaVG6Www,1.0
ZtOer4dGQUbZZ_oS3LYJZA,rvnTFEq7R2ZHg0_CYbBNFw,5.0
0lq8w14pg_DycNnomft0EA,slFIiXbpnqrBks33rbZwWg,4.0
xBcNPTcCigOS4We-4ZIHqw,7EZ4Eu7YJ1ltRCC5jXFJrQ,3.0
MXwWj1pbG29aC3tFdyo7XA,R1jJQi2yR44D_2ileqr8kA,5.0
V_pY9-JXxOjZEdQXQ_o6Dw,zPxWTy_2WOslWtKCr8B1nQ,1.0
sRcV5rWNfJ9wbB2guzEd7w,I4tp53A6qj6m_TXcwhBhqw,2.0
FL2j0euK58x-JDwdolhIKg,rvnTFEq7R2ZHg0_CYbBNFw,4.0
571FUKN0GeguuIAuQF0Xyg,GGLqPXkKLIH-VVIBzLje3Q,1.0
zb5Qxyx1Lm5Av8WCrZVzEg,uuGL8diLlHfeUeFuod3F-w,5.0
ST44KyvyjmQSIXwiI908NA,VsRAIb4k5CjEF-3l_bac0g,5.0
HXuMs1BO5Te43orft37C1g,V9vv0Me8RDKVGcRwn5dYmQ,1.0
mRXpu2KtivTLGeYM_nSQOA,MGYVtKoCsLnuy6iyEuVBgQ,2.0
ev_mrEIDJauxugj1r8Z3qg,8WIvQavDGCyOa-i1uLCKWQ,4.0
3XjIfhr-wLgwOKkw_DMW-w,TTDMJetAQKfxVzKZy4Z_2Q,1.0
_ucMEPl0IRvHpruqTXndiQ,XwJ6fZRVbxQYRsryy4-qDw,4.0
IpY_dVyIFBCPkHJzBy-yeg,Wxxvi3LZbHNIDwJ-ZimtnA,5.0
E08iscTU73ioVEaU2_ZWCQ,pH0BLkL4cbxKzu471VZnuA,5.0
MtuDtNXzulonkKPRZvCglw,qpBfYbkPmXIFWVQ7pLkQ_w,5.0
QJM9TqMm4ZRWvawd59Kt6A,Ak08F6RqjHYmVCzweBbTrQ,1.0
Bbar1EB4JEviStEAqUEFOg,2NsEac9xCBI05bo5l4yI7Q,3.0
tcSRWqVG6qS_vBiRQAfnzw,WRQ-9LluyivReFiQZFUujw,5.0
cyuDrrG5eEK-TZI867MUPA,at-X5UKYqBBXESk9MDFiaw,4.0
A7kJIoKtzvwzJQpZqCScPg,JCDUCHTej6RuBdUjY8UEIw,3.0
e_yRxGTif4FIJHfCmDAMDw,j8opwJ1ZM55hI3AMHT37MA,5.0
T6f7XtCYp2WXwYhMYzVa6w,j8opwJ1ZM55hI3AMHT37MA,5.0
rwKgRPktAQKq2XxbImlBlg,1HD5iUUfVJDbfEBIn9yVhw,3.0
hjnE7cS0fPLaXABVs9lMgg,f2ZWZPENViL92BrFsIgR6w,3.0
ZMBIjbnvatw6Z6JNPlS99Q,o1dX8oFupfjbBpYgT7TH0w,3.0
eOTzkS-by4pVwwCVrifmqg,WLEbbuly3H-_raBE1atQRg,4.0
loQ-44OXWfpGPWspl7iqVg,kLw_FmSiEqYH-MtFhDIUFQ,4.0
SaFwA-O7hGWt4JCgaSKfFg,Wxxvi3LZbHNIDwJ-ZimtnA,4.0
MSiWfBVnFNFbHMHh0yMyVw,yxJcVTwvHjuVtOKA3FCyYA,5.0
qbmMV_jmGTsDcjYaE0d_VQ,U_x3Ryer88VwUlqa71Np-g,5.0
1ChGnOpk6Av8LA4a2qidsg,u-IVGF-wGwvxuj3uKQW8qw,4.0
EfnzVzqWJUVEv8ft3fW2sQ,8mIrX_LrOnAqWsB5JrOojQ,4.0
Z1gjMENAUXVNefNnrKxdog,d_L-rfS1vT3JMzgCUGtiow,2.0
Q3C8kcdrl-1_yFt9og_OZQ,HTaA1mo9cB1dXMwfJC6yKg,5.0
wnFWoQ63F9-ohUQ-C0AeIw,7RoaNSRDpjaDVWfpDnbPng,2.0
jjogE_kPPMjxKvDEFlct6w,FhPCN9WaTm5CACtonWhehA,5.0
9YvTHDvlmvGmzBDdFPGD1A,VWJ5ek9uX-VFsD9Tiy2Njw,4.0
h3Iydnd3iXDD_cAln6HhlQ,oj8qk3W7O9oq15VIs-vYJQ,2.0
uiHXWOoDtIjTWXZOB-mjAA,0BW6h-igJinzbqc-prYUaQ,4.0
4M25m7sE45Q_hNOch4b8fA,w8t3l-8xomzWDWhad4E_AQ,5.0
RZ3epHi0OSwHkCFOL0iFmw,oD-C0IhodDOtWWOiNm2txA,5.0
sezp3mgdB82MdBpQ2EumVg,cMK38jKxH8x5PvFfAfjZmA,5.0
7O_Xe6KJjt4WolX77OImJg,da_QOspls2XoU5AZ6QNcww,4.0
XDYnGRhaCQteZNFPZonRow,_u1Bq7QsgMUXSMex8QHqLQ,4.0
FFvmXGA3-oMBaCw4O2GCyQ,R0DxkEWJfJYBxkeEds9v6w,3.0
kYddxyOJD_vELH6Vr_ytyw,yNVcnSaMSrTmjJBMrHTy9w,4.0
B_4xkCjsQfGfr6uR7EE9eA,Xg5qEQiB-7L6kGJ5F4K3bQ,5.0
l-kZ9PMmqWS6doVxijUkhw,isw3cS3hOKdKeBgi3lF3-A,5.0
xCANz0ccZ9-WPJUk8oZr3g,LuLbt1cXEhcvyha00wCWZA,5.0
1IhQLnq__TWCaMgDgoihJQ,M8a5DRdXl8KMu4bMFLPgQg,5.0
MXvMZE8fRY8XRHO_xJkLQA,2mdF-c66TY3eSyTVI4GhQg,5.0
NS9uz1e7_77ESixQJ_B4vg,dnBQZpWTyJzTe0QJf7YK5w,3.0
nrfAv0hyKpRvsL8WD-YcMQ,6hD6LSXqZ6WiX_p7M2Gy_Q,5.0
0EVRg-vTwGwIsXNzZ_CORQ,TBnB4iIU0pVKkAzN4T8xNg,5.0
XP096mIINH80XJidVoj7bg,eJPckkV1k7gn0V2awA1pzA,5.0
xv3zwYXc5QRXS1QtKyByLg,GHUHWAaVjKDn74r50EKKMA,2.0
oOlzp2cnVaDzRDazuSYPPg,dcGFb4SWiR_Fs13zpOfOjg,1.0
VP0jOO0u-z0JIxZ52bQtJw,SDdB_gFAWW23cNmtwT-dAA,4.0
ebmbmx5fX85X-huoEPHkFQ,3I23nQZ6k6U2G1NKpTpfhA,5.0
h9RUaaHa5kcQKqtJ-sgS0Q,FvVSy2r7_zDEhZWqLgjXNQ,4.0
qkMChMKj4evqii0rfFxhXg,WDMn7XrMUV2T2cF0w7m0Nw,5.0
Pd1O3pdU_p1_wX2V0yGP2A,QUjJmpTQvGus8WfYq1dtOw,1.0
_t3BJzyGaqr9mcDazYiYAQ,kTo4jBZTVq3zUNVZASV7VQ,5.0
rsyD5i15phGV2nJ8B6reMA,uczILVmOHqosb7XZeDSlOw,5.0
mCFbJXHVByXbr-TLu2STWg,fbQaKW0Lte0JQ_opbnjdKg,5.0
Dpe7QhfXDwmuubAuTE2ieQ,Rfa42CBrJU9t5nNSEHcrVQ,1.0
TRYSfdtUnDgYXOlzKDt2Sw,6WdKJJbK6EC5R8PKGWMsng,1.0
Mdu_vYoqIQJvD0LPquqpFw,7Wt1j4gpvNwGvyN6PCbpqQ,5.0
co64BGDz5U4i-VOwhJgn5Q,mJ80PsL4mQmRqTrq80p_ig,5.0
U_Y6waGcTQRl8oTYYiJGVQ,Sdlfra0Zyf8VtmbmvWAeBw,5.0
cs0Y0nio4n0uGEbAisBF6g,qmymSqVwHYRqdwfcBatzpQ,4.0
2NPOUyIMPYofknvLBZjUzA,LUN6swQYa4xJKaM_UEUOEw,5.0
2Jic46PKOFfXnUzEcp9pSw,cAni154peOBRMsgVFLVnCg,4.0
xbeWUlnN8pLSig35P3c5Rw,wo977RPVgFzYLh93jbVQOg,5.0
LxmSRSD9UYN3mbnJZUdlSQ,E4t43bnsfeOY2bv_8IPmSw,4.0
RTOTBlRSoYUCLtgLDo_wkw,RBAcL6hg2yoaTRv0kKUjPA,5.0
Olo_x4fV1sFBtlj6COf9Wg,cHdJXLlKNWixBXpDwEGb_A,5.0
24j3MuUYThgjhwfJPAckZA,HTngUd7s8kLBiAbEtd65Ug,5.0
9GyC2YkGe8AkmwfW1dacwA,TIJUu4bTrR-tzaIk9kNTBQ,5.0
2mjK8WdW65lQpF9p7MYbOA,AMN3Sgns9tB2x-b3eWk0qQ,5.0
g8_8roieVRwGJVTpNOgbYw,a4Vg6zzMX2qyMf8Sklm7zA,5.0
NHArNJT-mLsKd_8lMJCOdw,I81hDYqQjMaaE3p6KyRMJA,3.0
3BBiuiNLFuA-0Z4RE2UoQA,ujHiaprwCQ5ewziu0Vi9rw,2.0
X61CbjwRDWWPRkN61PIpyA,ipFobdM6X_4SNMA9ZBfdAQ,4.0
8yyOmWcUkfhI7-m2WHSAjw,vkLCTKcM_gw7XhhJsM8AsA,5.0
oS2y77hbb-bIt6c8HUEHRQ,5Mp-PD_CUaPoJr6CP-WBdA,5.0
D8iGf2Sf9NrNw62wptur5A,n2D9H9y82NCL4EIQaSWMng,4.0
1yC8hbQ7b7m7_Tv4ATMXkQ,XV2rI2Lm_5vqTejubrFTfg,5.0
pUF399L8ulAOjjMZISUpwQ,rGRaslfBYLbTri7q5hONNw,5.0
oKXIb22e-XDkvIsYxQWAvw,Fd2RUB_FhhCklEMTLZTmeg,1.0
SAdmlwTOxA9p-1GLamEssw,beNcbk7KnJCJ_Tq2HYYVng,5.0
EIdQL6xbMZEYE99_DBz2sg,ALwAlxItASeEs2vYAeLXHA,3.0
oJEjh6T-NMzuZY9nK2ALLA,9HdEvvISPbzbL1u0wGJHrg,2.0
rrk8D0uKOHmD6rR8UGTg2g,Ntx4DE2hYO8z8Kvuwvm_Xw,4.0
oAINPedtuyRWpeY7Ey-9Bg,c35qzLN6ItDpVIoj2uQW4Q,4.0
NhIP6BSQ4jO_Q02JTKIhcg,CxE5OE_t29h_wqqK1BsoFA,2.0
Pf5F89cKYGKekgRt68mrcw,o_G1anwHlc_k8NJhtP14Vg,1.0
nth2pi8IvNgx43Tntgq3ug,3uIXuw878fNjxZ2Li1diFg,3.0
qKgtvqfggq6DYQZcd3apfw,vQCPaT15HTfaiys7RD0mhA,5.0
fzw1wIiCkyP_N-uX49PRfA,xFSCaBlcnDXSGFPUtYtuXA,1.0
RpCCOplY7bv-qF0NO42CAw,FhIeCF6QrsLaRvAeu0oEPQ,5.0
lZmfLRHJTCxxkq8wlKONlA,pJQSdbrtQQVstMUUIICSsA,3.0
is5vAvanYvmF-28i9no2LQ,OGyLTDJv53WZM8PEqN_tKA,5.0
7ysN8FGi0_S7cXYbWCgGcA,coGEHGuUtnABP7KHgGlmRg,5.0
JnN7fWESKk3MXR2zfD_XKw,SVGApDPNdpFlEjwRQThCxA,5.0
DRn4l_Pg8Z3g0cjXN12TFw,VRvcAHLka10z0kEA0r8LSQ,5.0
nmYs0r8-hei7Yr49ycafJg,jnMcI0BOAsPEKMd7EQmDAQ,1.0
dR9OiTIjuzvDdoqjuulKrw,jG1jcAeDw0pZTHCNC5kw_w,4.0
zDdcj5P-2zTqtQBvjH9Tvw,F6c3D1o9Z4Tl6cDorb3WgA,1.0
0rsY9WPCzRh3uE6mx582MA,qfj5Ih8-6RPF2ccvNGvCcg,3.0
6bph3p-nAF_CtP7IIGC5aQ,ujPuhQdg8-GCJQg6BoRJtA,5.0
QYNBB211vRGLl3aHQxcGJg,vxadNrpTY7OHNmWsrEpNnA,5.0
TzUbr6BiQwR1bNfVOuE4GQ,wUKzaS1MHg94RGM6z8u9mw,4.0
-utqZ3kQTUy-2LyOGRdg1w,J4Dxfdqg8uXnDqjRgNtXpw,5.0
n6H-yUlpA1srD8-p14tAhw,wcYcF_C7GTm6Q888V7ePDg,5.0
uTrxqE1Cw8qjqUdFy2aakQ,bpZx9D6E2tIwNPJAOpy20A,1.0
WJKocp9RE0KatUwh3_DkGg,yNPh5SO-7wr8HPpVCDPbXQ,3.0
n6MHPdHIirF0qDboxcDvIw,vx4YAA02Qz6khRD1fZ1MFA,4.0
7u8Cm8TlV4LDRXDqHBVAPg,3KzzG6dw5aN9eIo3cGHaSA,1.0
iVDt4ix8QIjbC2yZLOsx8g,WY444SGtZnIIiPyWOsD_sg,5.0
IZKX8BHHjS8YwHIVi9KJ2g,YDZRlB762hEebm2OyZISiQ,3.0
U0WU9d6gpMNkO_tPXK58Sg,rvnTFEq7R2ZHg0_CYbBNFw,3.0
kKPMngcMFly2_KmLIP0UWw,lywduRzRWrZLD03L2ZINhQ,1.0
yDfj7CysmFo-ZxiZ960o1Q,jqAdZf9PJo8lsRskc6T1Sw,4.0
zR2RIA8HL2YoRwuwy-4E6g,kJaoLPzOYh_7UoKuxL0l6Q,1.0
HFFiM63x9asevqVOZG5GBQ,d8lmIZIqmBC9oPM8y1dc7Q,5.0
zJH5RdZsRKOMtx3W0-Ba2Q,E0Hs6IFjBXLelkOIClb8qQ,4.0
UasklH6YXUWc84xIbbfzuQ,xtDZdPaHwhAwoo77QV9Oeg,4.0
krK3nPLQ27BdQ2q4mZm0HA,YLqO9xm5s0KJ9JzWukAk8Q,4.0
QKLk-TaCDC-47t3ExxCW0w,Wxxvi3LZbHNIDwJ-ZimtnA,5.0
3OJ3tT5NGLGGWLivvt6btQ,QCUjHPu7OF_bqfjnehlQaQ,2.0
JVo4MVpSRpMce-5qqdSkkg,_mPuXifM__HLH-hTWXyHog,5.0
HNrz6Xe7PoLjUp8kBUDykQ,ViJGzET7fBMShhIgKew2Bg,4.0
Y55SXa5jxkT-O6wdafenHg,4aAf2nAr86lcDHzqWSaYuQ,4.0
c_gty-iBAbezPUCSV9qXAQ,bY8K4r_RGOm_1cspCOKdPQ,5.0
Jd49KV7wo5eHrDMnvRMFfQ,q2KtxnPa6rPSpAlMbg9l8g,2.0
7zphSXBrxDGChNlNkoGSng,ujHiaprwCQ5ewziu0Vi9rw,2.0
0-fZISHcPAKveUyZY1SLLg,qHQPvp6pZ75fB63kOKUPqg,5.0
AkAlqMww2j2moYWEQuz08A,l6K7F4f7i-jbB7j12egkPA,5.0
TQSLNRAtiXj1zyLZ3OAVrw,-oOKqZbYDt08zaWWyLZNIw,4.0
Y9RDx7m0YzByTtD3ZGS1MA,I4EmpNOW7zCcx7fUnQ9ixg,5.0
yuSlyEkV1vH1htZN0aOF0Q,-U7tvCtaraTQ9b0zBhpBMA,3.0
8NwU4TRsD3S6gIfBqFzDMQ,6xgcHeLad-VaoTIQewK84A,5.0
Y9Feqi0voIL4mreMFcmNkg,C2T7ecxqsVu99PhSqT3c3g,5.0
-XZYHHQFQ0z5yfB0K3_40Q,Vs7gc9EE3k9wARuUcN9piA,5.0
h9y55WNNg7SYg3kQwzTMmQ,c35qzLN6ItDpVIoj2uQW4Q,5.0
aG0tsH1Nmd4FFh7UsN3g7A,u2Z7wvTpZJzQEhfFBS-06g,1.0
fmUB1xeb1AXEKq04k9uMxA,w0uLRVXNwqyxouspWrTq9A,5.0
-nxh-PAw8TcDR2CwPOIdwA,L9pTWWAATj7HoLaRe6ZA1Q,3.0
ofKDkJKXSKZXu5xJNGiiBQ,5JxlZaqCnk1MnbgRirs40Q,1.0
I3ntg4EScSEbngZ6JdDubw,2c9Vptks_vowLgVUMnCgjw,2.0
N6zhXHPIrCXommDEg0Rw3g,N0apJkxIem2E8irTBRKnHw,5.0
eM1cff4mZXlFxuEzMYi3lw,H8qlBw1YaxMsItfz25-AyA,2.0
WxwBaCUHlIeGuux6acCQBA,wS6LB0lSt0orSxP8cYXzvA,5.0
TdOoNMumDGROn_WInq1qgg,XgEv2P_Xn8h_WKQjV7sfwA,2.0
HHik5ySbG22nCBKuUNrmqA,gSdNk7XZ0ytt9ojwuVwJdA,5.0
09mlR7BwKg_eLODpazevng,YF4QJ_j-PM7cMZja6K1MwQ,4.0
1ZjuM2un9ZLx04zLfCG7ig,saEReEdDX5CjXZ-b65w0sw,5.0
mkaGi9drcXLg-YZe7JYaWw,XwV2-lISDp_5Acy72bA8Qg,4.0
UWuQStTz8vbB3Mgjop1xhA,5ma1OUQWy_Ds80xUiP7JPQ,5.0
gi0Y_kIFI3F_9XW6bUjrSQ,rvnTFEq7R2ZHg0_CYbBNFw,5.0
upiilBMeKjt-7DUDAxPihA,y19xFolCozaRA-gGmHwkQA,4.0
1-WVaosTuwwYglNTl8CViA,1hqOjPxgH8IXE4bNq6DFiw,4.0
-00MbjbaOISrcuV7jOVRIg,jqAdZf9PJo8lsRskc6T1Sw,4.0
gFcYgW1_8KMyEiuFQ5pMyQ,IsNyYU75dVu0Nnoo8bO4gA,4.0
_5uUOcTyKK1pQYwAL-Xrnw,fYTfTGqseS7rJk9AMt2zvw,3.0
jsOz-dWToun2VsFcFAfGww,d8lmIZIqmBC9oPM8y1dc7Q,4.0
dUDVjHyvmmMgTyRgc-vstw,MsZ0jE2_iSDY8eOqNCSR1A,1.0
dLYgi5MavKXhE62Sshd5Zg,_lpqjZAseSvoDxPN-_JnzQ,5.0
ySYy230BGNe7Aa7ayAJiJQ,LL7EY-YARSY41n98P9509w,5.0
P3B7FfBpXERa-KdxwIGkHA,wJY74R0zAgjxvBf-d4gm9g,5.0
ZNrXz8ylmhGQik61JhX4Ew,eTXYID00jGxq1vZpntBUFw,5.0
ETWISuSphgjc3puFAplnJg,5GwFUNl6nsDsMuv435G1Eg,5.0
6rGVoAI0Bl8ZEbMNJWOK3w,QiWwJiV27YFscyJAkAyrtw,2.0
LBQF_NkO5hdQZlG7xCsXMA,Tf_VSzdWojiJNwNUQ3j4ZA,4.0
-A5-wpgS-WR3OmMN1-1eKQ,I4tp53A6qj6m_TXcwhBhqw,3.0
wRL1-4Jdg84qaFHSJ76HRg,mLg4FenOcHpXZnW67QrVxw,5.0
nkSf1NKWFGiAyrnCa-A5UA,O-uIEuv7JLUHajkemx_sVw,4.0
KgEwk7tWzFX0l-Eq3m8WHg,q7aNYIUEkmisLTE3qBPRog,1.0
M9jjjTEi5-4J_TTcbGPXaQ,IVKVk7ZAPdQi6S40UX0zyg,5.0
tR61gp6Kan5HCVmqtYsFzg,qjuxlHtv_woIw9zPVWri5A,2.0
fOHvV2iqEcKglYKEmPnsqw,SVGApDPNdpFlEjwRQThCxA,5.0
XB-J13-Cd8JK65DLH-664g,WWWufR135GEXKynwYjLdGg,4.0
NgavU49JWmusG2BjfqNdaw,ipFobdM6X_4SNMA9ZBfdAQ,4.0
206GEBKYDmRp2dygw3rTKw,75RP4HSsSJOe_e7e2e3jQQ,4.0
TFD3D5HwtF_cHicc9bk1tA,sT6KKMATRTiNSJ896D7l2w,1.0
Nx6BcJzyJdp4hP180O3xhg,1lxBO6qIHLcFl1WTQp-Ftg,5.0
tcFmCEOQj8BqZ4VZheKCrw,m3DVIvPsuLuA9OMSgWNLcQ,4.0
3Uv0dGI2IXJb2OUj8R2GJA,RbrZJEf8TlnP7RHaKnCtIQ,5.0
RM_KDxowJ7uy7avXfOOsTg,ePt0qmZgU-fjqMoM1M2U3Q,5.0
SQmRvbWO7liODvGOUni17g,w6F502EKMyn3ONbGT2bQxw,2.0
uLoKb3_UzqwB3XrMENeR_A,l2OHP7IE7mY6eXsxKjG1mw,4.0
TOGSsUYYst3FB46p668Gxw,LO2B8dDYjejSZ0n7qgSyhg,1.0
HHAb1Wp2jYvdnz-lslgaQw,k-drEjxKmfqllwfY90STfA,5.0
rgK8DVNwbl16qMjsv6EcMQ,C2T7ecxqsVu99PhSqT3c3g,5.0
KO6L0lmeQZVlcLZQ3ComQA,thLX_k20SPJ0KyusGTBIHw,1.0
d8aeFi5aPsoW3UqWkbNmmw,5nyKUHibR4GCs6ojVljFdA,1.0
62GNFh5FySkA3MbrQmnqvg,WMj5Uj04pAqFxLMnJQcQqw,3.0
0MKwtAFrhNslL-h5EC9rAg,pDoDY-cDLyeKQgDx5RAlnQ,5.0
9pNcdrQLWWrX0vEGGJlEbg,ibf4xvHWD4t1DOOZhidHBg,1.0
tqPc7qK0-PfqobCKdD8sFg,SX7-vTahSnoVeJQ6N86PMw,1.0
75ejqryeYVPv9XuH-4Jg0g,IU31IE28AnAduEqJ5Gzvkg,5.0
57JEtL3T7fw7Epqf6nHHiA,O6-BlCviQBIEcGW4ll6ZsQ,5.0
OI48SQtucfVCm0_xK_M6zA,vx4YAA02Qz6khRD1fZ1MFA,1.0
DLcYtG4H5n7isBF92u9iyQ,BJ3AyMhTaORAu_e_J2KNEQ,2.0
fiGqQ7pIGKyZ9G0RqWLMpg,h6t-dQ1udLHs0ogBFAAPGw,3.0
91TB-gzcNyxFh46TL0pmnQ,6nKR80xEGHYf2UxAe_Cu_g,5.0
apP3CApEq6-z59tRLwEBYA,2lcK3d4K7FU6O8wXdWzOmA,5.0
mWjur8ytpA97hk3sXcZU9A,EXMLrw5uxng5z-T9Z2X8oA,5.0
4rg-rTjYpnEjNOqi-ej4RA,vMO8QkXzx-puoJDz09t5Pg,3.0
v3YOx9T4jRSw8XP9Rd9H4g,ZhLSAiRj9kANxf8m2SBfRA,5.0
ULv16ixr97uOHMiwhpvySQ,Pz9r1GSwO6tl0y-HN_X1DA,1.0
XQ20t__DteDMHB3YVAG9NA,SX5NA-yKCGR234vV1eaxZA,3.0
R1iQVJT19VUVfEGdp-wOug,Ktia9NJfvxVxTLVcEnw9zQ,5.0
MWuVbyBgP4vD24Rc7UH5xw,nEQFnHydeX2A3bRRDAKqQg,3.0
5mbEAfJmd9fy1gT8IvEsFg,SUd3IyEN7n5OYEGyt_U5lg,5.0
8z4sPZpzb9POTEaQ76vMpQ,biSsdqExmdvIKiFuowOadg,5.0
xS6kmkMXp0PRrFwkSWq2-w,ItmLljzhwhuyyvekNs4Ymg,5.0
oCkYYt7KZVvoF40pDWg-iA,-DHKF52ALa4B2ls1V6OlxA,1.0
os_Uim3UHh_9bUh6qiafZg,yYgeUm-8qXhZiqTrVyQrKg,5.0
wh8jUmiIPIcQ31TwY2Pm5w,-iFvYhgysvjkxckCr42NRw,4.0
K2Cx51fztnMwt3fvWh1HzA,p-8AMN9Q0qwym-3Pdle20Q,5.0
4A39BEm6jlUmlC76LZ9RCQ,ia5Vm-JoBdNwdAoHMGzCfg,5.0
co-GuD549dZTJ6OiJS1Ttw,KWywu2tTEPWmR9JnBc0WyQ,5.0
cW6k2bpe_hT8i1x7h6K7lA,YpYv6lX8z0itAbaDAzWMQQ,4.0
3nDUQBjKyVor5wV0reJChg,jozzH4XCEM9yQFjLAc3_zA,4.0
ybTf3nAtUJmkuhSi5SmHNQ,GMrwDXRlAZU2zj5nH6l4vQ,5.0
5BfyObsvVjB6zcj8Wy5RDQ,hcFSc0OHgZJybnjQBrL_8Q,5.0
aTE5NuGeRCTWnwLn8_-sgw,SHFlELFcEcAOJv_fTAKChQ,5.0
BvTOBGvOkrU-bwBI36Ep7w,ALwAlxItASeEs2vYAeLXHA,5.0
aNOSjqQFsrfcgmFtOv3lAA,Er2XAYN8l1BadlYFwiPb9g,4.0
wwS6OKhRZlCOZdtDfQBzaA,0wca-OLqtMV8Ebp-W2du0g,5.0
BxCgM2bsV0AUvOpT42_klA,cDoo0Pf1d_P79Rq3ZNk-Mw,5.0
wc1JiMpWL_9G9_XY7IHD5A,OvCQ-2YUSCT9X2uE52S-Nw,5.0
zGHuQJjzDOy2iz5ZJwWfCg,8REOSFVMO-E1VrmLvY49Tg,3.0
7-KGqujLDE-13RrTPMvlhw,W5JEB9JrCDGUamMto_1flg,5.0
xS6kmkMXp0PRrFwkSWq2-w,evR8OUcXO4yB5sYDBuwo3w,4.0
MabrEO2S1mswM9ynnMyGbg,N9Q2HlpqeG2NKbvqJI-REw,5.0
FW29hLeFEeVO9XpMFEgI4Q,M0yfSpeDaYTPEnLjw_0g_g,1.0
7IuNLNdz7arBCx8OnmpXnA,JrvaHyG--O44JAINUk_3ng,5.0
J_TNwEIFhMvxrSpLg0UD_A,faPVqws-x-5k2CQKDNtHxw,5.0
P3cMpkppvBuVpPD8LBTbBQ,44YFU284Z3KDEy25QyVoUw,4.0
Tjip511lNFMISUFRzkc7nA,SVGApDPNdpFlEjwRQThCxA,4.0
xQ3OBV3cga5EGEUgDLXTTg,HhVmDybpU7L50Kb5A0jXTg,3.0
y4BY4Lz6LeGIcY3L5qHYQg,CGUK3cd2gxp2q3KPY19Oog,5.0
PRUm39st6y4OiB7af84UCw,oNbkFvGTErw_ue_3_Mwcng,5.0
MGW9FFKekDSaUJu5nGnraA,Wxxvi3LZbHNIDwJ-ZimtnA,5.0
LM3neYWMOghn2bgvYNRi7g,8mIrX_LrOnAqWsB5JrOojQ,5.0
U5dPT70S_DsFOquC3Jc5rQ,rUmJ5moQLQaWA2s99P2MEA,1.0
sMQw8yrwVO8CenXNb2HYUQ,pVjegtBp1e3npkIdwGlcpQ,5.0
oJSdK3Du31_JoStn6pTwSA,unM4gD8r9CHFsWX2UXUGsQ,5.0
oXZKezezy6pnm2Oq7WTmmA,TxwMm0LQ5MVF3niIrFOwZA,5.0
kWoGp99Fj8bDTdZaVk3vzA,WEBiX7InEBlscZOvy7qy4Q,1.0
w_5d85vxs4xS5iOShOQT9A,stVu6q5hDxQuppwoo6m0EQ,1.0
65mAHdHNPf-L5faJCIUb8A,Wxxvi3LZbHNIDwJ-ZimtnA,4.0
8tdpq4NS0rd9c0eyy9M2lA,aSC-WLyJptVpziJpR98Ykg,4.0
XiokNm3XoyPbHPbzaJdlQQ,WsFUwiaN44geCHwocsC2Vg,3.0
sKVpHfhkG_Nvgf_Vfb91Cg,487ZwV1pjttfx_kdqtIl3Q,4.0
QSs-xIOqz2KDeu0MhKcumQ,jb7pFtM4J5Hu9tCaoGxnRQ,5.0
NRftaMmgej26cMaRq0uBPg,5LglLdziapvddMigNEAD8A,4.0
dZc-FKDMHpNMaLOJKFYpUA,1QlPD5kYn3Yb-yDpuVa4bg,3.0
d_Dwo3Itzi-gYg48f6jAPw,lywduRzRWrZLD03L2ZINhQ,1.0
WaAOt_eG0_-yLpG3fI--3g,WP0M2cpWzhsMwk7kPtreRA,3.0
uFJ5xKwtHSQsqBU0MBKx9g,vYu1_HnKIcj6_rhw3p4qYw,1.0
QRx4SICG18mRU0yocWsMMQ,1f7AEcZfKF7F4hvehrUqaw,2.0
YUvPeiF3W6X3_V2aRA3QYw,ohz8ljVxcZMo2bMGrBZfgw,3.0
ahh93S9jJIBiy5M1PVC1VQ,S5bNE4Pmin8OQUMOFod8bQ,5.0
ubZk0FCJArDL4do33Vn6Nw,_MVSmAYSl4RkgXBg5e8JaQ,1.0
140e5pJC97CYrkzxO4809w,z8ROUpSIQqx62Pb8p69trQ,5.0
N_tmox9zMxPEYLGtrJ46pg,HoSDjKKR8GtpeSqzrwf8ew,3.0
pPu2gat0ksSyoVdAGgOXNg,XXW_OFaYQkkGOGniujZFHg,5.0
nCqOSH2I6-k93B04FwouIA,udet1D1MNcKsR6n7fBpAyg,3.0
W1CQf1GKX0JZMWhT1jlTaA,PNbX4mT6krRy_I0il8Il4Q,5.0
bG9Z2jJmzmEUyEnz7IpyMA,D2eZD_MP8Ds32rkoVI_MBQ,2.0
K4lrgtSKdFyRWeSaeXwQig,hDD6-yk1yuuRIvfdtHsISg,2.0
w_RLZNVVj_QrlWP2h2j9Eg,JxKWfZ6hG8iRnK8QL65jTw,1.0
-PdecSg9PreVMQQAI2l1cQ,cZxjPy4OrqJKscmCypDFoQ,5.0
lpBqT199xdDwh_xJwHieLA,QHZw2L6LV1qmExNJbfhIsQ,1.0
6w8n_8opWB3N72zSb4pS_w,wvfd77HO2-LPJYysKZqdOg,5.0
UEKG996TTiwonMpXwH-ixQ,8mIrX_LrOnAqWsB5JrOojQ,3.0
4yGImSwdU9FZxVQIbZql3w,OM91-67wDOw0MJpH8AfIvQ,3.0
PomQayG1WhMxeSl1zohAUA,NBn4hgfGtNz91k3VsDZlmw,4.0
qmM2mw92lWLvYsWxc1KZtQ,tyjquHslrAuF5EUejbPfrw,5.0
DIdq2t1_ra6g5JcexYHuOQ,z2CVPfaG8C_rydUZCcsqbw,5.0
5gGMfEiTpZaAGlpRcvCM4w,IMLrj2klosTFvPRLv56cng,3.0
7HaMs4j7Ja04XkgepFCXgg,eTXYID00jGxq1vZpntBUFw,5.0
hh1YP64nwKu9NhdAJpu6yw,DMMEWBNOJhB9nG_2J1lYvg,3.0
S5pJIRcK5_4C6MxwieuGIQ,PlNwT37ZahtL-3GRHQ7mVg,3.0
IYoAc6-nWVuW9IkcTDksfA,lXrsrmIcbOstYC2vtip8ZA,2.0
skMvxqY8ps-r7jsKCj6n8A,HPngBhTmMOXbQI9Noppeaw,5.0
nkYgGRqRT4Yzm2aa0q86tw,ffLK5rktOFlH26-vZU5xqQ,1.0
renPzRDqMZpMaHiCD_e1_A,pif8Io-Jn2veckVGzkEyJw,4.0
Yn9z5JQptne_Bi7Vn9bugg,ZMgsoabmAoy_xa5baozMwQ,5.0
mYwHnZmXftSSxH52OlN13w,VQ1tEWBj60SmwGktNAW2lA,4.0
_i5K77RsSeBfn3HFCcKj0Q,t6SfYTEvg0o_cfJddsqEcg,5.0
GxkY7BqazkQu6I9HBDpbqQ,i9M6oO2LMUrrEytHnHjyLA,4.0
y0ZU1w6YY4W-KtMeRXSYLg,vRP9i7ev4hWDf818xUZy6g,3.0
VJ6gRN2AGplIhnyVA_mMxg,XXW_OFaYQkkGOGniujZFHg,2.0
Ouu5ycmS2EOtqPbk6JZvTw,SvUvVEr9cTjS-PJQ9MuckQ,3.0
sDiiBvtwbwzTqEozByzaAQ,tyAv9CRnAOjk-sWEo49wTg,4.0
kdDTqKBbfNZeKEbWAcqZWQ,_j2EtQtgLuXGRBfbM5YwZA,4.0
QyPcC88XQlXruvh5UBmkYw,RRTAFcRPmlLaYIDGDS7gPA,1.0
bGgAL09pxLnV_FFgR4ZADg,ZBE-H_aUlicix_9vUGQPIQ,5.0
XUqUzgFUT82jprxBwgEHog,kBjTP2DFmHYEEG4MpE4Iyw,5.0
d_U1dcpBdw1mFmk-q2TdDA,qQCsLGMncJp1xWUGnOKCQA,5.0
j8oLwAsmCThRFMR-P-B3Hw,-RwnEdrn3ZdW1yug_CBmLg,5.0
Klnlj5Z_77o8u43agYrU5g,fJU1KMQzy0tHcjNtM7LylA,4.0
kGfSNfDQrq-mhWd-3R78Ow,9wM6SK5Q_syHE1P89kyUzQ,3.0
xN78Fguu5zu0qazdoMM4ZQ,Mv7N0bU56dhtoDP-m2JOow,1.0
hUSYKSoZS-vlfUEqFqR4Zw,UGyEr_PMA-v1cuim0gMPlQ,4.0
m7U66xb999BrsA7xaPW2jw,f25NsTObxX0NEhBVm44-GA,4.0
PVHtPLfqOuUrlayUF1XANg,CVfL4j35Db1UFAvitgqAfQ,4.0
C_ngCR_JYhBhzAUR0eXdNA,9KmvrnyjWTr4sly0Dt770g,5.0
g6pshFtSIfMpy3Krudz_XQ,3aRt8JPhjkfvbhqb3kJsbg,5.0
HTTn15w4c5Yfp4YzrZqd3g,sOYsxYYFl03PhHmz_rBDZQ,5.0
JozaD0E6fVMFnWL7DTaTCw,dhbJ85DAPBDrUjPK6uh44A,4.0
7Ovacbmtfk5--c1rgI0pSw,LtXy1VinKWfuLFslVarKRw,4.0
ZyNaPQFOsaKOOLHTFVAdZw,BgthHqiXot2s4Sd_xcI6DQ,4.0
ESBXYiZQJcXNNAvRki-IiQ,FvVSy2r7_zDEhZWqLgjXNQ,4.0
j55ySt8CuDQ0bahoVBAb_A,Fiq23fXJAcFsobkQaRqIkQ,2.0
SxyMtZu9OlINcGoBsoLxEw,yGMCl0vYigshkXiZFIDTNw,4.0
O-LB66n3n7Q1wj0WBEqkmg,Ul6JwluSTm12PVDIqnNaTg,1.0
Xo3-DxgRbwm7p-McTyeqkw,5jak2hYO5ikUzjm-Ytao5A,2.0
32tdyfCYVKgtZQXTbcqgnw,X7Z1xVzPnarhj363MXnMGQ,5.0
3ls486ePmR0Cb-9HYc0usw,g8oxQ1Ji9mr9PMjhEfaWSg,1.0
sqS0rrONlmiI_iEz3JmyhQ,QH1lePb3lwTKRF_OXH_6uw,5.0
yy7shAsNWRbGg-8Y67Dzag,dM_bvkmRli5sbvSik_uDMw,2.0
xsBjO0GTAvZK8i2A8_z20g,KUlm5OuKYJ6nGj0EUwcY9w,4.0
_N7Ndn29bpll_961oPeEfw,fqBnZxSkG287OOyU9LvTig,5.0
mOVyk3O18VY5nrUMTZgM1w,l2_vb6HQwCFLpKQsi5lkJw,4.0
HRhgCg3BSxO2eilECH-YpQ,_pBXtjN43eqMV0XZTz7nmw,5.0
aYPj-ctL8zpeL5-Ny8KFng,aF5-dQk2Xyto_5j2oBwbLg,1.0
0SZYtW-UV4l8LNkBYH5ZUA,Os1n1_idfw9vv9kwULGJnQ,4.0
ocC1kDdcWg6hVaTDJssM-Q,UaoOIiwPF_rp2BWYD-HkPQ,3.0
J7CCry6xmaORfvSG7BChIw,p3l7Q7-UpwqpxTdD86dMWA,5.0
FvHtYHUqf-BjwIcM9Wa3VQ,XwV2-lISDp_5Acy72bA8Qg,5.0
7lZqjYopZw7bboRiXrr3qQ,S-oLPRdhlyL5HAknBKTUcQ,5.0
42GIXCHr0QSXGwYcvCg38w,eTXYID00jGxq1vZpntBUFw,5.0
KL-JE4VkGW02LzeSlW3e6Q,oj8qk3W7O9oq15VIs-vYJQ,5.0
m0dOAvhS5G_pEQIrGC9AbA,QS3QxI7u5PRdtbGgI0-UsA,4.0
NeXRy1C7PxS7bvIcQ3SymA,YF4QJ_j-PM7cMZja6K1MwQ,2.0
F_OwlNnHoNeOQEAStcTQDA,jG1jcAeDw0pZTHCNC5kw_w,2.0
4VukRYt05wRL7GxiWHlzTA,hl6s4hGsJDcRhHIWrSM-UA,5.0
IC20CJi3IypifFZQkR2RSQ,HhVmDybpU7L50Kb5A0jXTg,3.0
xBo-KaQj2g1xsD_AJut7qw,ZRHSidI7IIeXhTHMc9L_gw,5.0
3Qv2rjPXC2eNKyV5lh3J_g,tMYYSWyTppDcF070Hmy-kQ,4.0
HJfuzbFTwREQJ13sUUzHWA,iNbAht5CVY4KH_cympbHMA,4.0
wcDhhBk1d0_lCdvB8sds1g,jNn0ibMzJRZrggsCtcBWnQ,1.0
Hhxluzv4Uwv7kkfdtYluwA,9DATrh1eJOwvHGNrQPpN2w,5.0
4m66tpqKs8JmoA26vB5xpQ,FiG8PzWKRYehtPPcPtOStw,4.0
k6eL7PJm1bGtTYxEdk_gvQ,dM_bvkmRli5sbvSik_uDMw,5.0
FmQxARdHGnkclvcVWGEAxw,VnOGWODJ7ZREYij0rpB-Xw,3.0
3DlgY1f9u5ukGdARj0KRtg,x5vSE0-NO_YSZtOnitLWuQ,2.0
ze1lxFSOuEIzkqdeHs73lQ,oFHvr1cAktvU-bQgrl4aPw,5.0
6Dhn_V036LU3uaRXMxTg1A,q7aNYIUEkmisLTE3qBPRog,5.0
b1yLsCdv4ZL_d3INMCZzoA,44YFU284Z3KDEy25QyVoUw,3.0
6qFgbBGrcRlgZNb8jOd9LQ,it60dV3uk53njDZi8Yq2Sg,4.0
wR8GcbfgzhS4C1oAEqcn7w,f4mh1Y0rnvbJRfQ3jPkqzQ,4.0
jqQrL1GQJGKiWH4im6aZGg,fgA9aoU0gNK80hhXhiUpSQ,5.0
CcxA20vK3cjW4Vo_pP0GAg,UkCVoAhBp-JUCYyld8lE9Q,5.0
9STX4Sf2iz9ErW6DFWEHbg,klQnFvxN7stIgYAvRylY0Q,2.0
Rmk04a0wt0NIfHijwRyE-Q,MjeeiLhVq3-BBz-A997r0w,4.0
s9cgyBbNqRc9Y4Rzwnpa3w,wL5yGvlL1zXZ4EPJ8d0hIA,5.0
_WBeiY_p5CH20pg3gkZWAg,iM2IbYVM3XHYxz5tRDe3hg,5.0
_xlVo9IOSOl-0RarmXp6hQ,Wxxvi3LZbHNIDwJ-ZimtnA,4.0
tE6hgM7lVKUHVUMhUzQKHg,VLZPqnPatkdsz-w9aTGFNA,5.0
gHn1zjRf3Q4ZzJXObZD0KA,Vusxa8XxCc7gOV3TlVwwRg,5.0
aU5E6rMRYRLf51xTTw0bMg,kZ36LGvnwetEq-seqwhkkw,2.0
xUzUENA4ZhH4b3txwYULhg,ZNKm2opG33rK-hv1h2aFeQ,1.0
Mo2xejJgkBD2OTgBb2SH-Q,XXW_OFaYQkkGOGniujZFHg,4.0
7Inj11uN96hJUXAxrG2Saw,I4Nr-MVc26qWr08-S3Q1ow,5.0
A6bQp45hsXm0IcEr8fCaow,XMhUSc1d_XySrtdiF5lpqQ,1.0
eFE2_SbUqnU73XmCRKIihQ,ZbGUvpDnn0b9dCOlb0KBbw,5.0
F8qiePXPy9rsum5sYEbZkw,uKKNw68mZZaa1jcyszEbyA,5.0
LKe5xYLVQ08rhBRIww-YZQ,np8vGHEpwEOgx_yktx2hnA,3.0
siQe3vg4d81AtOGMvyAIJw,pH0BLkL4cbxKzu471VZnuA,4.0
Kr0h8tc-fiPSTHul3ydYYg,nqgeTj6bfIMY0v2J-vZa8A,5.0
p_azadim_uWFOXAhhKB3ag,5SEwzlWlrxSVyZx3IgXwLg,4.0
gywt65MT0_XY_kuV2eHUxg,0ZplgTLfGZvIKkG63ohfog,2.0
W1Xd65mNdJSVpVi8Z3-KHg,rvnTFEq7R2ZHg0_CYbBNFw,1.0
uB3jeHhYZsO-MJXy64soyA,ezrNxiPJUYLJpDtTQyj9eA,5.0
qYkSN2I8jwaOP1flGUNXlg,giCq1MmW-_S2tvNOAHvJcQ,4.0
SJzzwWbxy-3sWj5RCq76Pg,TSASySctfUJZo7unPHjzTA,5.0
MMsy9Oc3VH6PbSw-hqPPcQ,IMLrj2klosTFvPRLv56cng,2.0
Exo5Kz14h8SaXzozkUCnHw,iR_vhTcQbPN_aEk3HxEQ8A,5.0
j1nBv9K91XxEYmrmL1l4vg,73sJHGCKDNFhYuS8DqnGHQ,5.0
9PsB8KO5lVpEkgSXew1tlQ,68RJDN4urvs3i5-4EGeZBg,1.0
jVHkjik8lNHDPqB8Yq7FUA,ewWGrjlWHkXXBsLinpauKQ,5.0
UVNbmQ5p040PejnqfZfIlA,pZt5Ti01tigucXb7Od4Obw,2.0
KjUB5-Kprm4DSZvXXERNrQ,OVTZNSkSfbl3gVB9XQIJfw,5.0
LWJedJf7la5iS6n-oRBRhQ,PtRgVDep8fcM7qleIlR4dw,5.0
MTTRWW0Claov-e1h1Qzqgw,qJc12bxr4p-7ICE_Vhb-vA,3.0
F6MPrQ5oxQL2Wq1v5ENDzA,DKfziYWHMTFf7_zG9rOkag,5.0
Zn2W6f8lTUfnrO_QW_OQqw,wvsadleYJavXp8u697GK6A,5.0
OoyQYSeYNyRVOmdO3tsxYA,V13IWgZvNps2Vo7WyEnD8A,5.0
E1ME3llS2j4mJ861ZKJOew,PiGd6nJRhbU3s7nP7XOE0g,3.0
yJT2CndTPZ00BvIOwlmbrQ,cs1qJvnWUg_f8g020z_3PQ,5.0
KgmYVwUeMdHsrlVFRIIfIg,dyq9my28t5NW8N-6s8OgfA,2.0
LfiR2ILdZVP_pCGPJEi53g,68O4uYCd0YToLOLqHTBSZQ,5.0
zxsGLpHvzbVqNDm4svFQ5g,HM0sWlwg3ONJ6syMSh_9zw,4.0
XVAZ5QiFWD0qVqSr1E1UWw,ju9f6_lWeBVFmXQEVSgmrw,1.0
8jIZDXmriW4jhJJYu405cQ,rjKMTKPsjYw4RtiMpHquJA,2.0
JrXC_MDp38BWwLn2SFdNsA,eW2oKyb9mBzrH0l63q727g,5.0
OhigzU9bFDz6Va9wtWWuug,vVTAUebAG4psjhfTIYmMEQ,4.0
VrMaL32wWNed_DjOcsO3Ng,sEZU0ssY_7GlGKeBntkX-A,3.0
7c1gXcxSFqBRIvaUJwx1hQ,4v7dr2o5qXsHVGh9tM1KLA,4.0
NtIT_KStxOH09714OkbKOw,1qwkbN3wu3AGDxMTXVz2gA,2.0
bt_ZB8UvrfB33CbdMPAAZA,GEvolb_U74NXgfgdxrVtyQ,4.0
S5oMD5z3sQ2K93UunjBBUQ,2VxWrTRKAIVYmrlLAtNY9A,3.0
4XIbmlG2BuF7V2nqUy2gHQ,SxqNnm4piAlFNNiBaXM0kg,5.0
u_BaqNRr3y-WoxBGwk_Duw,WB8BmFMORvshjb7tBw0e0Q,3.0
QgRx5RzxLofNAwW_Cw15Yw,1c_jEfvQBPXZ5YUaAMYJrQ,5.0
186mXS6Jux7ZQcbXEWri6w,eSlmVbicgkhtD9niSuReJw,5.0
eqFEc96MFiaU4L2TL5sUUA,Qf7jGtYtl3Y-xIpOxlrAJA,4.0
rKkpHJkJ27xOwnhy_bMkvA,KXO9aGAOWAJEmHD_d8yQ7A,3.0
5-PXENOV6GEvXqtF1nxX_w,5e0XIxlGRu4WfQzozclRaA,5.0
Obkepp5aBTYVX-AL4zwBoQ,Wxxvi3LZbHNIDwJ-ZimtnA,5.0
ZjCqZ0_hle3vlHHHV8vReg,I779CNMLWhZu6BxkGfLvwQ,2.0
F0a9RD_lB9A46R374q_qHg,77h11eWv6HKJAgojLx8G4w,4.0
KMKy4cNrrim0d7y-hXtOAQ,46hnat0aLao-qYWZkN9aBg,3.0
GBoId394yyLVF6EcF-YV6Q,hlE_n9e48MO5wYhAFGg4Kg,5.0
DjPJOop-LY-DhtHvgkaQpw,jIEZmUZUjmTC0kn09LtJEg,4.0
XBkAAhQcrXQZ6fQsEp_KDQ,ujHiaprwCQ5ewziu0Vi9rw,5.0
A3d7rJkB0lB3mDqIrfxfLA,B1WyyW7bnZE86LWzR9CUUA,5.0
drRKxFz7aO0vuaoL9Aun5w,q8rklp9FHJaCFVJw-pdU4g,1.0
QG-qPaX24SwT23dZaInlIQ,yKaIT0fnxEj0YVr1DMHvuQ,5.0
hLjtL60tLWG8T0EFhXZ6Ig,negmHffTWsRXc6oSf_upsA,2.0
7PLsN8-ABYWujgF6GTIJcA,uMdvGQCS16HP6vvm7XVv9w,5.0
cMDVLHi3c9lH5WyjU0pf5Q,jAyKSikUGDOJKmvcie5zqg,5.0
7ylP4LLAoCIkKv_mjM_oZQ,hijTD4HjE9oTcaz_0_beCQ,5.0
UO4zOF2-egW2p91_bQklKQ,d6IEJlko5JYZTjO8v8MuQw,5.0
XwilAaxYpbgpkoICDl3HDQ,0JGMKaKJGVuDus5WcJzvjw,5.0
X4QtPnSx5RXOGMUh1vDWeQ,24Td_CQH1bonWKff1rt2vg,3.0
cQfcLsUFH-txdue1Z7mxbg,rTZVcJZ8G80i6NjLw0SW8Q,3.0
cKh2qrdKBSXLUrrbSoMBDA,H8qlBw1YaxMsItfz25-AyA,2.0
ndP8RiL-moewSKXxpqtF6Q,1c_jEfvQBPXZ5YUaAMYJrQ,4.0
qczPdigHuQxXDKZ2II2d-g,BQqwIYQuo2W94smjrBjy5g,5.0
c_vQnScwjEmPflK9ntnwmw,zswdqM8Av3KxVv9o7_6ORA,4.0
TTZo51CKSyHpdeUN1vP1VA,mlCDsdVFuZvRGrJTfQ6amw,4.0
C7lXOTSLUAHG3gkG_Q_39w,Vhszq28BSjUnMkFRib3MRw,4.0
9OyPEDQ0N6i0rWv9S-XjgQ,WnUttoJffplgWaQGR2J2Xw,3.0
1gqNu5J8eWjLjaLsrA4Elg,khwoDxH5p-D9pLjCvV_Y6A,5.0
txHu-M3p2tLKSpNGMWUO0Q,C2skZUb7BLpv3e78Mcf5cA,1.0
2g-ZWZyoMcROGO4n9gJh8A,momwgw47Pkkbz9ciHQLpsw,5.0
k9MCKlaDcZLKWwtUGQE9LA,YI-79PxZcX6X009ynWRLoQ,4.0
bbRvR-IUOoXCuINsklDivw,Idk-QTyUZq9w0ALh5cyvrw,1.0
lDKVJcnENsUAKFYtxB9b2w,x4w6qkUx3v6uRlQAoJyJQg,5.0
8wwniV2D1vZ6TNefB-KJSA,Dd9l9bDHbACessxl-Ks4UA,5.0
u9bjjZY_83ydwgRtbVzYvQ,ZWq8Fq13JPDAqt7rPjSwcQ,4.0
zxsGLpHvzbVqNDm4svFQ5g,uKKNw68mZZaa1jcyszEbyA,3.0
lb0QUR5bc4O-Am4hNq9ZGg,_MVSmAYSl4RkgXBg5e8JaQ,3.0
2Yq-5WcGtgN1en47vJ1z2g,tLSgXuy0g8nxX6Xgb7nvrw,2.0
WvM3GdNwgY5lK_8iXjv7Ag,jobP3ywRd3QNZ_GCoPG2DQ,1.0
3c88b6Isw00-TDaKRZq3uA,j43_Me6srRZIKi5qcAiVYA,5.0
X_LSo5sB4vVucNalQ723eg,cHdJXLlKNWixBXpDwEGb_A,4.0
O-nb7z-iqeXGT1i-98HvUQ,8rtd2ZoeNMHjCQQnWuZ-bQ,2.0
6e0khvHCOJU1YTCx8gDfSw,6fPQJq4f_yiq1NHn0fd11Q,4.0
cHWASeLjyPpQIVTBs87qwA,RGK23CEkDfYHWtUbRhA-bQ,5.0
d6qorI6Ez37znpgGLPOEOg,wH4Q0y8C-lkq21yf4WWedw,5.0
BffcmzC0t-njAzKDC_U6fQ,7eQoxWr9RzyCB9IFvqHUPA,5.0
t-y7ZSE_jsLY841eAWw-Sw,hHtOsr-NMviBKlMqDBeI9Q,5.0
AHihnsFOQXHyEgQ4nX828Q,2PS9kBbuJcmBhcNp-D62uA,1.0
aTl9sD-HRP8mwTn5vd4PXQ,memEfE8NkM7iQ07ClDw0Jw,5.0
uRRuulSQNLwa4gF599EE9g,GVPEk8fvR7_46_5lYch_4A,4.0
KbSnmZHZ1wo-3MYMlFYHJQ,kLKtlA3s4Z6wPefSLKDHmA,1.0
d1eXdgDiXR3jAJa9TJsAww,9u0ojF2Qx7jBX2d02G5YdQ,5.0
qGXvT48u3qyi5qwjXATqZA,k2b3niokS_tosjah_rzCPw,1.0
Qvzq9Ufc8gcraiesYjt0eg,ejKXczjEkm1gzyRdblQm8w,5.0
252bHExZ7kypS4YZy5QSSw,yeTKcKUlTq-W7EJ5hPkqbw,5.0
OoXx8VZUaq6Bq6U_S71jgQ,4p9fBHj75WA9Qr-obi1_FQ,5.0
SobeHeqYmS-Ae2tEOoRFVA,iyPtSR0s6EkvaQFbdJ_jVA,2.0
gDy6k3AqlkcN4cEIkWnx_A,hqtZ2NmUlrNtHp7xW2BWoA,4.0
JaqcCU3nxReTW2cBLHounA,Os1n1_idfw9vv9kwULGJnQ,4.0
XUwYlVRuyoImgtaw8Cjztg,Vih800xJAsL7L5cF7gUIkA,3.0
HDTiWmpJBLJ8V8uEJqgt4g,ncXQtqJT5Gk1QztwTrBrgw,5.0
NYcqH4-G_Mmqkiql2RpGqA,im7Mo13Z2Xe_mymVKfwz6g,5.0
Y_QBiZpATJoz8hKUfYF66A,fbQaKW0Lte0JQ_opbnjdKg,5.0
Z3nwYQzDUimoUl8LNDIxjQ,7_08jLr277WpzXkcERXhjA,2.0
2TAvvTz9E6AOYObB9OOjaw,oD-C0IhodDOtWWOiNm2txA,4.0
lq4euNquhTMPgF28uj4Mqw,i0ToFQWsWPzFEC1eAxBh6Q,2.0
ELfzWgdf64VBLi5z1ECItw,-iFvYhgysvjkxckCr42NRw,5.0
j1MjZ7f1DkYnsGNZ9gTK5w,ujHiaprwCQ5ewziu0Vi9rw,3.0
9Jpq9Rtg6xx3nisN-FgGFg,yNPh5SO-7wr8HPpVCDPbXQ,4.0
GMDySKirSoF8Dx9Tb7YO7w,fky0i1FdjiVfU1u3kLmxzw,1.0
3G5JQSuCRGJp1y1hi9dvZw,_eso_uURq1vVSxIbu8gNpw,5.0
7rLyLS565uIC7AVA_QVNuQ,ulxNhDgN5aMC7bwG6maJIQ,4.0
jaRClBuLprmG26t-hiJL5Q,Er2XAYN8l1BadlYFwiPb9g,4.0
wpXbsKs8J6YzapO04iXaYw,LW21U6m6axC2lCLYc0fFSA,4.0
ssgRnGGXxigWTEXM-n92lg,LHOe8v2fX176bWA6JRd0Xg,4.0
1ejMMDdkO1rs6Jhjnk9Drw,L772e6l2Yd0DJEyCBxBNng,5.0
E43QxgV87Ij6KxMCHcijKw,emFbuv_F45pNkAkre2rMSA,4.0
KWyHXPub1EvMx74pTIODaw,qDbVUkKMLtRqSDcKgLTx1A,4.0
ovFBhEt28yMjW6hBBHp_gA,wCGnFPUFxtTmaIXooYCywA,4.0
oKhpMYvIntENZ5UzuoZWUg,78hGCrQ6wLA2yh8zMywnmw,5.0
BXd9q0ygdvtPCsBnhgUScA,4JjlPC6eyru03vjh3Y-6uQ,5.0
N_YB11LHeRlAJSno2qe8MQ,pPsFGyadMIIwYPYs0vhT-A,5.0
mvVqz0TPwSboKefhI6Zeqg,FlUimPjl-6AkZk0neebkWA,5.0
mFHbNX5qhG5CREr9PqQqGQ,tMwX4n8o4xh5hN0FWKIJ4g,2.0
zWTGpM4rU2hDRte-b03FmA,E9YrPcoz_USW31ZBIiMeMg,5.0
MVcqm_DlJKJsvlCkQQeH6A,EfAqol3tWckyNrBMIooJmg,1.0
wkL-vtKiksfYNRiRPRFvFg,LHXisknIbUy_XtdEQc7x9w,1.0
Pow-A3nsUlagunpPccU6yQ,HhVmDybpU7L50Kb5A0jXTg,4.0
qjf5xFjGWWNzy3QO8kz3KQ,d8lmIZIqmBC9oPM8y1dc7Q,2.0
cgpDOMCkVwlMfeRrr4dFbw,GIPY7lBIIY8ITSfu63q-YQ,2.0
QfW6ZgCGPOIio5BpW5KpHQ,Zbjl53pR2W0jMrGFPM0Ssw,3.0
Bx13IalSxQIpebs4pc1-dQ,MWTnrW38EvSc652Nbox8mA,4.0
dWwCVLE3eVYpDMkagVuSNw,memEfE8NkM7iQ07ClDw0Jw,5.0
s_PI8eOGJdoYCIGCSmBN8Q,JrrY4v21k7_qYxIidhi-aw,5.0
3QFq-MJR6VcgpcgXNkc4gg,yHBhLawYmIthUPLbUXK5kw,4.0
HjUHTJAvYFw5xluh_13rrw,dnBQZpWTyJzTe0QJf7YK5w,5.0
kFL6HqDTFdNuLBf-mELg5g,V_RCxGOkOI2sV9V25zTwrg,1.0
2k1mckeiD75J2aG7NC8_Nw,wZvSsHFU0NdyQ03625kh6g,4.0
b34yOQoUDev_l6BzDBMpUQ,EhtKeNUGGWnjsCLIhCD1jQ,5.0
PehenIdSDHPPoyVg7NnLvg,wT06jGfphRjgNkGeJEKR5A,5.0
2Eagqiu5dYH6O96phiKxww,83xQtNti1lQgqWTERfeqcw,4.0
t5ymbaVj4r-_t9QRB8QrTg,f_eiOrEcMnkHB7GvQVOHkQ,4.0
jf3rXTq6xncDtse9OK2Uyg,wq4M1KmYXpIiuQRrWJVx6Q,5.0
IMS-2hUUL7-YUfPtqQliAA,OZhRvcJ8WjnvRaRQVirD6w,3.0
of2Yz4rP_zF8Jv3BGegeeg,thLX_k20SPJ0KyusGTBIHw,2.0
9s0619fxzS6M-X4pVS7W_A,zidkKI_N1OPxsiddTOQH_Q,4.0
kn4lbh5vEsqeo5SbHWS_HA,NjDC1Evc2Wa6ykj8xVpoUw,4.0
t3djmmWV6S6wEcLL2rTpow,994mqHnrwQ2V-zrhkiJxEg,1.0
DnUkhQfTU_tCDM8fpLYXNQ,thLX_k20SPJ0KyusGTBIHw,5.0
IV4FoI4iWPiUWA63GpF81A,LPMZ9N1sAjs2nDx7DmiZ2w,3.0
nCX010DHtZkXf0vk-bQMVQ,E-dL1nTtJmItxDeeb4ZASA,1.0
T4IT0EKVrIdFoqXkpL07Rg,-Dnh48f029YNugtMKkkI-Q,1.0
V-jhwg0WZsywUKs2fy5VTw,2FImjoBv0qvq9NumhcVOyA,4.0
LrP9Og4qPor0hNMwBAzMAw,ViJGzET7fBMShhIgKew2Bg,5.0
2ca24TT48PJU_3X9RYw8Tg,eurb6L87Fz4icVdbMdQnkA,1.0
Ff2ltip33PhPSj8iQuOswQ,N0apJkxIem2E8irTBRKnHw,5.0
-rxcHU6C7QhICHLK_tSVEA,ugLQ5AP7pSrCb0uMhS-UXg,1.0
wkgxcfkNdistjD_Nvv6E_A,f_eiOrEcMnkHB7GvQVOHkQ,1.0
wf0dbOPvNptuVtq3jYCc7Q,EDjKoA9kv4bn9UXnocnFXA,5.0
Wp3O-bsM80FAXkX36s6akA,0dZgKUc-8Hc8LQSJ80C8Cg,5.0
eO4B9YDr0swtv3N_Zu849w,6WQQF4j_ISvLbU07nxX4_g,5.0
6h2Ab7yxDGLQI-AluHWasQ,UGyEr_PMA-v1cuim0gMPlQ,5.0
LwM4sSEy7awYKgE8Krh8ug,J4aiMaaXWXqL8ypKY7PSYA,5.0
lklbDtDXWeQAg8ji0_qbiw,l1DtLtgI2hlGNMBSkk5sXg,1.0
hxtYqu6TFromrliejBSzag,QiWwJiV27YFscyJAkAyrtw,1.0
2bHSZhM0huV8LRh3YHaOSQ,wuBGY61_1-udSHUrOkM82w,4.0
3BLd6vnHPNgTkemxiSEehQ,HhVmDybpU7L50Kb5A0jXTg,2.0
u3SUniYYZJNoTarAmxAC0w,px2ZZOPzA8-xG_VhE4FecQ,1.0
PhaiUt5shE1xQLPr_a1OrQ,nDaW2hhQV5KYiGH7HzAOcg,5.0
jFgqYUxS-ZZYKkaNmUz9wQ,gdb4gmSI5eJcuXLZ3BfgtA,4.0
V7_WS5VhU33U1P6O20lcFQ,iM2IbYVM3XHYxz5tRDe3hg,5.0
GUGWyGZPtKf-ZnbbmhvKwg,yvJqxVTO_qwRGLMtUrqzQw,4.0
NWAAVIaDkupE2sUvfWoWEQ,_pBXtjN43eqMV0XZTz7nmw,4.0
ruduqSWpb84v2VCXJKrOPA,Wxxvi3LZbHNIDwJ-ZimtnA,3.0
A64FHHgvbU_OfH5kgaon4w,uuGL8diLlHfeUeFuod3F-w,3.0
ee6d0snGymLBHEcJHtUClw,CpyDEbemEm8F4vaUYcL_VQ,5.0
siDEyqT7bvcvYCZmYdnbbg,D-RQsQjEVI_w-KC7iDJd5Q,4.0
Vrj6spfhP7VM6MP86IUrvA,wHq1efQVz17338k_aUOX3w,5.0
nM9HWEg9-E84GkKmbffXxw,4aAf2nAr86lcDHzqWSaYuQ,1.0
rJiQ0IfG3_mzFjB_TGC5_w,CAy7twD5McMiNrkFWOUn7g,5.0
QAbhAcUkF0QpDeULqOkHIQ,GEvolb_U74NXgfgdxrVtyQ,4.0
qtFvfLT_h8dq_5Mz_XQ-CA,H8qlBw1YaxMsItfz25-AyA,5.0
fhGixOiNTPs6rMeMwNAvVg,4hG2j_ibsNblDgqei05U_g,5.0
V9tPAtFQVckuDjOa2AYWjg,_csgqOCUWhaS4KAwm9Rcag,2.0
zJOGWBbq1mt3RLbKe9XgBg,1qwkbN3wu3AGDxMTXVz2gA,4.0
FUVR1a8pofFejq3zyfXJyA,PdY6fOn4ba8TmhDbNthYZQ,2.0
mCw7oM3wYiDCLRGdM0Gv_w,fXz11WMsKhgcBC9ht-PZPA,5.0
Po_axV0P5DuENHGFpcTBsQ,vyDW7_CHhDUJshMqaSjj0g,4.0
q8Y5O1B1ctuo6uZIgG8t6Q,rmOZm59ahqMJlfGhNg0thw,4.0
RczP2lgb-fLXB3iG1v1JyQ,LUN6swQYa4xJKaM_UEUOEw,5.0
SLfLeHv9kxoypDJi_CYztg,rCRy7NfTgnqiey_Z4EU-dA,5.0
vZJmmd5J2Nrn3S-Y4SPs6w,ZNk4hO2EOVoSKcCBSwH-yw,2.0
CGzs5gkEgbggFUO4u4c-_A,dInxwF8kXVdfLEGTIBRrSw,1.0
PTDhXN8nxW1DmDFFsDqSIg,pI4w-MXCGbgDJh9Q97C-jg,5.0
pFCb-1j6oI3TDjr26h2cJQ,e-YnECeZNt8ngm0tu4X9mQ,4.0
YcAbwAAZw4anM5tysD9YQw,IOQ7hWDbdzZgOSr2sDELoQ,1.0
EorcIWO_qBk635DSDY06Sg,3xUoXuEgJhHlSgBsSfKeCQ,3.0
HcsrfjaDz2Iv74DGTPmxaw,UqhVZYUeoBGroYpZB-9jlQ,4.0
hiUFa6nBgkPbksW1lzRlpw,MM25Mc5Yc4S2yPrdaTTyIA,1.0
F-XkGoU9tZxZLdGI6JAtZw,Fw0u5YqMSLXhmNevrCPBMg,4.0
sTbMiDUDE4_NFEZXZnL8MQ,AJ0CK8JMVpxAshtZuC911Q,3.0
Hj20fg3vyzKnJwnLn_rMqw,yKaIT0fnxEj0YVr1DMHvuQ,5.0
eZwi4ket6jKlwufIj6K65g,0_b7sBxmphrCwmKTJY1ekQ,5.0
xZaDDTBqSTRtAZJXtiOiEA,ghWwqlRd1MaWz8hfgZ8Vsw,4.0
2zOXdbLjhFkcXSqpyhYBnQ,RU2VtVZG8to-XVEHD-2qag,5.0
tbMUSG5ZWlNMU_ELUhsSGQ,eSG49skwvqQP3MzzdgTg-g,5.0
ZLM43lnHg_0e89NkN7PdTA,YF4QJ_j-PM7cMZja6K1MwQ,5.0
wAYR3oO-JM8yVVTMw23QgQ,O7UMzd3i-Zk8dMeyY9ZwoA,5.0
O4czYQiczEiThD35wOlgHA,-LRlx2j9_LB3evsRRcC9MA,5.0
xFSLb_pxXta5G4oaRB1ylQ,Z5i06lMoPQ1_vsziqEI83g,4.0
AIFUdk4s8xvC1uaHCW8qFA,KTI9e6Dbw5xu1zKvuKFNiQ,5.0
WMMI5Q4Rmm1Rqdu0jOvyhQ,zPAMOTc_VEfgPxseUtWw-w,4.0
7G5pjx8qg7Z9V98aCOoNeA,n3a4ytrLWiSkLMrhp8P0Uw,5.0
GOEayCskQQ4KqBIaW669Sw,XxnQKE9jTD0bTE3LZ5NOtQ,4.0
CwBVZExmAjQiYWjxSJHeww,3nR6JE3hD-D-Fhzr10_k7g,4.0
gJqA7_K6ORYVgLohUD6tnA,i60v66vwf1A13YqcIqGD_A,4.0
4MVOsEviZF96rVi4jmZIyA,vNSaUpD6LSqxA93WjXMsKQ,1.0
8gYdZVFSA94HopPEim4lFg,KiiokfRzFeN_njjLPCLoNg,5.0
PV-s_dURz6HPhNdHLULXUA,XJo_kPFlbuORqL-mE2Ny6w,2.0
dcgzh-3j42cgvGVtGCiW9g,q8MUVVuQpfR6v0HBHmAFxw,5.0
SaLLBWOqxomnAoivv5YwqA,99KKeZYRPnz7qDi5USsHmw,5.0
bLEu0SMmMMT6s-46wV7yqQ,kzk0d9JqtABgBxcGOJZnfg,1.0
1ifi_ScTbh8ECqv-lu8-iw,EtLM-iRYp3UGOEz4_b0I2Q,1.0
b36n9LZugp86Ekb7h46riA,l5ijDMpYdyKbF0CxiCVO_Q,2.0
EzKbEYjajd0NvoJ3XC9VhQ,5NXAbbikpYIa58bwRjs6Tw,5.0
bYjMczQwuqNZsxiPpy-oKw,uLnPW9K1yhNpgzvodCumbQ,4.0
GdqPyjhdy4cr03ZJ76m-pA,TCoBE_BkDRrK0bWrh5VueQ,4.0
b7ijwegYC73v8FwefXk9jQ,16-Ne-iDt5HpHWIP9fOmhw,5.0
ldBCfJ9ImfnLTzTtgLOpsA,HkbNItNrnXlNo59M0YyoMg,5.0
D9m4JQ7bM-or5sw54L5Dhg,FvVSy2r7_zDEhZWqLgjXNQ,4.0
PXTQbutMBgBIbB_Rabn53g,oNf6MkIn1RTPmCBVACPA_w,2.0
qlC607Cyp0Mj91vDFvkp3Q,S83PlcsPzYgp5cbWuIMTtw,4.0
iyBXlsTvcvJly0GhFWapWA,aKESUG6MntqZNvC0DiFcJg,3.0
a0WsTTJAEqsZ4oNNIVn_lA,LHXisknIbUy_XtdEQc7x9w,1.0
9VxXoiBXnx7ANNFMi51miA,QU9CjyIQfUtyUmRUuQ-_1A,5.0
29PE0SAW30CVFNEIs3WwTg,fhvLEIKdL8Xw3ZKrHCPcpA,4.0
ibfw2LUjalN25aZYDY6EuQ,Tk79j0dMuCDF24NhXSeIfg,4.0
cBrXXLUvACzsI4Y02x9cJw,Sfc8Haz2Yri8Mo1L0E0TsA,3.0
StZTVDuFzahNvjl5qu6l7Q,nsNONDHbV7Vudqh21uicqw,2.0
Hxjcloe2LCoG5HZratFsHg,X0J4h0kzWTbmgMClf0_Tgg,5.0
dcrPeHR-s4Ei_Gw4T3za3w,wfNAYvc0llsjmZiSvKrIvA,1.0
mEzc6LeTNiQgIVsq3poMbg,j7HO1YeMQGYo3KibMXZ5vg,5.0
TFwEPg83Q2w-aDCtdiVrFw,Ci5_jgkoNYPjIkvcUQoilA,5.0
cKsTG841LaXVQoTf01zWTQ,IKFQtsWy1Ib52yYdwaehGQ,1.0
-9da1xk7zgnnfO1uTVYGkA,yofHPSC24EsWTMJq3_6N6g,5.0
ME1yRzbc_uH7WZ2KfJuMFw,ExD6juQhcCbw_u8lwksJdQ,2.0
2Be8v87CjxESlYpPLdsQfA,2S6p5ICNswz_EdgcZk76qQ,1.0
lK_32lYJ-p_fjc01G-DPLw,1gYcUlax8XSqiwpePArofg,3.0
jsTvQ4F_xozD_pe-UkS1GQ,vMnB2Cz3c1Io1IEyeLLVOA,1.0
rKkpHJkJ27xOwnhy_bMkvA,LPnGdeEJyMMO02e02PqZBA,4.0
sEu8kAMQUmQGPr2-fDzyvQ,xQRwbnVfiHCtkTkGtsheIQ,5.0
7btsXeA7PGFpuBs9-xxhyw,DJwotSDp_2oqFqEwA6KHtQ,5.0
HsOxSwIvWGUmgYfxJiV3MA,nqtls5u9g8nEXutB1af1Zw,5.0
GoARWqayYXgYsW1cKTi4Mg,uTCOEqjuVAXUOzti5TWj2Q,2.0
CAHz7KqSfjh9PmIRLTEBEA,1Df5WnLX3DqN6ymlhqznaQ,5.0
Xir8gw3vb4-oWe316RrfnA,-VRDKEn-xvK5D-lgn2zgjw,5.0
eKqnE-38y3aVzgECIzQksg,xf72Yt6l6YUcqz7xCrWSwQ,3.0
TXSqa_4aKgc-s0QbaoaLzw,3-XdG3qiH-YbrO9AoRhhBA,1.0
sFLljNa9JEV1SPibTV8-dA,FvVSy2r7_zDEhZWqLgjXNQ,4.0
1kbHR5IroDiZD0npir8OLw,meMEbONCUMmY6MiamrcufA,5.0
-wMyJEt9MPwYNsxB8NWyOw,mk7xgXuTVMfv4sH7GD2SoA,4.0
XNbrAATnVNAg1eTjMjn-pA,guFIqSvxlwQnFfe301wg3A,4.0
H4L5zkXk6t8LWZNo4rICHQ,nGD94nE6GJSM9qaroe6v_A,3.0
q448ePtKZhlma-AqG_Z97g,ZDt9V3Gi5OcCKSCt8HfQEQ,5.0
VXBa7bhoZXtU-FOsljzFgQ,QSGerT1enEKlvJnYkwthHQ,1.0
bbn_Hn2V6gXgIorwpMVZaw,OY--Bo-QFgxL4KFZYn0iSg,1.0
HSmiB2hgBNsW24IxtstlRw,_MVSmAYSl4RkgXBg5e8JaQ,1.0
3I7ijGEkfAS5b3pxhuZstQ,LOEZ8zDGly7s-laA1OBIEw,2.0
XJI4QgNCdJewOIQn8211LQ,QHZw2L6LV1qmExNJbfhIsQ,2.0
6-nJnTCI8zCMwxHrRHeAVA,2NsEac9xCBI05bo5l4yI7Q,1.0
lZxuXBW_srpI-s_Lngzi1A,DCab_cz7nDDW-IPsnKGb_A,5.0
2n4DxsCr95SnyH8XY0rCKQ,hHtOsr-NMviBKlMqDBeI9Q,5.0
ppATz6PAs8pGi4VcfIrUSw,LMa0x4S5-5XYZegwB7jPug,5.0
yzVst7nBG72SBEjl2ifYSg,5a3iXecmLFMS3PRjC-S21Q,1.0
11k3A-_Ifz_86LHvkGRgoQ,-U7tvCtaraTQ9b0zBhpBMA,2.0
iWg6nNLFsJt46sb2NyYOgA,gsftQKOI-Kj2buIUI-YV5Q,1.0
ps87csBgK6zDWeDjFCrjZg,Km9IPMrNPEnn40ebgxs6vw,5.0
wxRVZowoEoy7kscvU-FX-w,nDaW2hhQV5KYiGH7HzAOcg,4.0
8CVzFj_pGiBTvjYgMUTO3w,i-Vnm8CIDZS0G815HAKCSg,5.0
8WDGMSf1nmtUI0RP1faSUw,qQCsLGMncJp1xWUGnOKCQA,5.0
9a60KWJRTxHFNRqt4qb7Xw,uMQaaUvdHGhTFiyOhGa93w,5.0
G4Mlt64y1RvpZ-zyim_aFQ,pKiSzUlBBRNEdTML24piXA,4.0
CMyd-3qwm5A7tHF8GdtvwQ,Wrd9LAbc8IOoAS5H6uw9sw,3.0
6KdJciNw5ja42-5XSFb3Fw,mlCDsdVFuZvRGrJTfQ6amw,1.0
L0vsNOl7eMhjeTCyE7pbDA,ILA41PhErg4bl1royzDX4g,5.0
_t3BJzyGaqr9mcDazYiYAQ,43PeF0ERpSIiEbXM6f9N2g,4.0
aWXGwath_dSGPwNdFiy9BQ,AUl6myFhTAbEqt0GMdKHiw,2.0
eYQ-BWQNUt0MiRqTrB37YA,mss-LiOfL1vtoNo3WoEoJw,5.0
v7g23Tg8UKJC28Io5RfeXg,vsJVJthtiw-5kZ14CgQdDQ,5.0
G7UL-42So8dS1hPwrHG1Bg,CuT2Xh3vAYvRfxUWlUo6oA,5.0
_oxSgMz5Ryfs0NQFqy56Cw,SgG5E7PUrCIsEMP0BVSlTg,5.0
NjNJ1JLnMlOfnDI6Oz6Qew,C6uYx1g7TxmuzjfNtxK86w,5.0
UKGCebFD5NHUIUMNKgKpxQ,ANmMChurdD2V1KpkMf60Rw,3.0
fjNNUJS0dtMr7W0hHMiNVw,FQ9C3ZF0NOfRyvFdx-J5Wg,3.0
8058DMYDLzQlnhtNb5yRog,JO5_Frcbp9J732VNn-I3Ew,1.0
3D2KdvX-Ppe2cy6zz1WiRA,thlAnPN1ApoNxSnok_fcvA,5.0
Q5VObjp0WAyLbvYceX5CoA,x1Fg-pxoCq-BDhklj0GnRw,5.0
9JHuo0L8EmJqBzG2cduyeg,zM7W3BSklPuDtUD9t7fdDQ,4.0
guwhE7pICaAzCF0eQI2pPw,pyZkGdnTwpRh5tFWfdmQEg,5.0
50rmpCUVXvaN1mASIj72kg,ePt0qmZgU-fjqMoM1M2U3Q,4.0
lsLuVKmdh45yommr53zfRg,xh_ByBcQAU40VlbeqH-YkQ,5.0
kZGPhhKHP-ziJ5ve7k08ew,vdloJPM3bSpQTMlwdFek2A,3.0
G-9ujgKmc1J2k7HSqXszsw,AakkkTuGZA2KBodKi2_u8A,3.0
DDIMiC69en1Gl3t7EM8MQQ,OyTSs71uXNDeC14zsPA5jw,5.0
HNckQDlhYRICFCTA6AmPlw,05OXAAq2RQ2NXTkwAJ1H-g,1.0
PLjruA-EMskWfirBU8aGUg,f_eiOrEcMnkHB7GvQVOHkQ,2.0
pu98xbmekZOrQAEHqNV5zA,hh-N1r9O1JpvzGw1mp0bKw,4.0
n_zJNVFWUwyzryuFf1v9pw,xchirC94ZWa856QFqWSYmQ,5.0
_Jg-IA0M-GSjBlGu-wmejg,r8764MtYyt8JhxMvrfM_xQ,2.0
nIFHIllnkJ1vXZlUFbKPHQ,slJeUU_jXJdts1idKn9mGQ,3.0
xtwoOTTOuZrXj4GQtsueuA,bzdb1jJ1j8Qn_RVHY97FnA,2.0
MopyJvrcBSgQYfyA4wyP7w,2JqR8KKTul5NevLrZKfT_g,3.0
WFP_CgkAjYpvUBDa01GMlA,2YlUn3s132hNq5ueGeIiJg,4.0
XtEbY-1tMhOiQFYUVTNWpQ,A2rZyprdbtKvSzhd2yK_dQ,2.0
WXpuMCjbw1ewydDjW5zJsg,yHkGRHz_fW4lxBbYlMrojQ,5.0
A-IkCqnYosZa49XD9qiSww,MGsV9nuGOr9fxtzJPwq8Ig,4.0
PV0Rp_Qh1YCIP0192e4ewg,G7sVtpD6aqpuUB4F3LEG_w,4.0
